path,type,bytes
assets/ReposeLifestyle-C-0HJaSK.js,script,101398
assets/ReposeLifestyle-CyDo--Vq.css,stylesheet,63745
assets/TerraceExperience-B6r5GuYE.js,script,24165
assets/TerraceExperience-DPRIbK4J.css,stylesheet,7626
assets/amenities/map.webp,image,178316
assets/amenities/web/adults-outdoor-gym.webp,image,261228
assets/amenities/web/cricket-simulator.webp,image,246430
assets/amenities/web/for-every-generation.webp,image,120954
assets/amenities/web/jacuzzi.webp,image,204840
assets/amenities/web/kids-play-area.webp,image,274008
assets/amenity-videos/gym.mp4,video,2235469
assets/amenity-videos/gym.webp,image,46762
assets/amenity-videos/pool.mp4,video,3930699
assets/amenity-videos/pool.webp,image,50436
assets/amenity-videos/steam-room.mp4,video,1325097
assets/amenity-videos/steam-room.webp,image,55980
assets/fonts/repose-display-italic.woff2,font,22128
assets/fonts/repose-display.woff2,font,21032
assets/fonts/repose-sans.woff2,font,14108
assets/index-Bez0Vhn_.js,script,112157
assets/index-Dvt1c2aj.css,stylesheet,54709
assets/interiors/bathroom-card.webp,image,29104
assets/interiors/bathroom-still.webp,image,56880
assets/interiors/bathroom.mp4,video,2682123
assets/interiors/bedroom-card.webp,image,34684
assets/interiors/bedroom-still.webp,image,67086
assets/interiors/bedroom.mp4,video,3035302
assets/interiors/kitchen-card.webp,image,28892
assets/interiors/kitchen-still.webp,image,57364
assets/interiors/kitchen.mp4,video,2545422
assets/interiors/living-room-card.webp,image,27624
assets/interiors/living-room-still.webp,image,51242
assets/interiors/living-room.mp4,video,806922
assets/opening/branding/saion-logo.png,image,24563
assets/opening/building/final-frame.webp,image,152146
assets/opening/sequence-01/webp/frame-0001.webp,image,30340
assets/opening/sequence-01/webp/frame-0002.webp,image,31624
assets/opening/sequence-01/webp/frame-0003.webp,image,32152
assets/opening/sequence-01/webp/frame-0004.webp,image,33230
assets/opening/sequence-01/webp/frame-0005.webp,image,33214
assets/opening/sequence-01/webp/frame-0006.webp,image,33748
assets/opening/sequence-01/webp/frame-0007.webp,image,34180
assets/opening/sequence-01/webp/frame-0008.webp,image,35130
assets/opening/sequence-01/webp/frame-0009.webp,image,35570
assets/opening/sequence-01/webp/frame-0010.webp,image,36036
assets/opening/sequence-01/webp/frame-0011.webp,image,36234
assets/opening/sequence-01/webp/frame-0012.webp,image,36398
assets/opening/sequence-01/webp/frame-0013.webp,image,37458
assets/opening/sequence-01/webp/frame-0014.webp,image,38136
assets/opening/sequence-01/webp/frame-0015.webp,image,38578
assets/opening/sequence-01/webp/frame-0016.webp,image,39080
assets/opening/sequence-01/webp/frame-0017.webp,image,40136
assets/opening/sequence-01/webp/frame-0018.webp,image,42262
assets/opening/sequence-01/webp/frame-0019.webp,image,43050
assets/opening/sequence-01/webp/frame-0020.webp,image,43698
assets/opening/sequence-01/webp/frame-0021.webp,image,44320
assets/opening/sequence-01/webp/frame-0022.webp,image,44060
assets/opening/sequence-01/webp/frame-0023.webp,image,44426
assets/opening/sequence-01/webp/frame-0024.webp,image,44596
assets/opening/sequence-01/webp/frame-0025.webp,image,45402
assets/opening/sequence-01/webp/frame-0026.webp,image,45994
assets/opening/sequence-01/webp/frame-0027.webp,image,45814
assets/opening/sequence-01/webp/frame-0028.webp,image,45970
assets/opening/sequence-01/webp/frame-0029.webp,image,46416
assets/opening/sequence-01/webp/frame-0030.webp,image,45900
assets/opening/sequence-01/webp/frame-0031.webp,image,46360
assets/opening/sequence-01/webp/frame-0032.webp,image,46368
assets/opening/sequence-01/webp/frame-0033.webp,image,46212
assets/opening/sequence-01/webp/frame-0034.webp,image,45274
assets/opening/sequence-01/webp/frame-0035.webp,image,44778
assets/opening/sequence-01/webp/frame-0036.webp,image,46042
assets/opening/sequence-01/webp/frame-0037.webp,image,46034
assets/opening/sequence-01/webp/frame-0038.webp,image,46386
assets/opening/sequence-01/webp/frame-0039.webp,image,46702
assets/opening/sequence-01/webp/frame-0040.webp,image,47148
assets/opening/sequence-01/webp/frame-0041.webp,image,47746
assets/opening/sequence-01/webp/frame-0042.webp,image,47622
assets/opening/sequence-01/webp/frame-0043.webp,image,51640
assets/opening/sequence-01/webp/frame-0044.webp,image,53516
assets/opening/sequence-01/webp/frame-0045.webp,image,55492
assets/opening/sequence-01/webp/frame-0046.webp,image,57896
assets/opening/sequence-01/webp/frame-0047.webp,image,60526
assets/opening/sequence-01/webp/frame-0048.webp,image,64974
assets/opening/sequence-01/webp/frame-0049.webp,image,68714
assets/opening/sequence-01/webp/frame-0050.webp,image,71732
assets/opening/sequence-01/webp/frame-0051.webp,image,75952
assets/opening/sequence-01/webp/frame-0052.webp,image,77658
assets/opening/sequence-01/webp/frame-0053.webp,image,79102
assets/opening/sequence-01/webp/frame-0054.webp,image,81096
assets/opening/sequence-01/webp/frame-0055.webp,image,78558
assets/opening/sequence-01/webp/frame-0056.webp,image,80694
assets/opening/sequence-01/webp/frame-0057.webp,image,82668
assets/opening/sequence-01/webp/frame-0058.webp,image,81460
assets/opening/sequence-01/webp/frame-0059.webp,image,78122
assets/opening/sequence-01/webp/frame-0060.webp,image,80080
assets/opening/sequence-01/webp/frame-0061.webp,image,82860
assets/opening/sequence-01/webp/frame-0062.webp,image,81334
assets/opening/sequence-01/webp/frame-0063.webp,image,82212
assets/opening/sequence-01/webp/frame-0064.webp,image,82208
assets/opening/sequence-01/webp/frame-0065.webp,image,85632
assets/opening/sequence-01/webp/frame-0066.webp,image,86570
assets/opening/sequence-01/webp/frame-0067.webp,image,87616
assets/opening/sequence-01/webp/frame-0068.webp,image,86966
assets/opening/sequence-01/webp/frame-0069.webp,image,89606
assets/opening/sequence-01/webp/frame-0070.webp,image,91030
assets/opening/sequence-01/webp/frame-0071.webp,image,92054
assets/opening/sequence-01/webp/frame-0072.webp,image,93402
assets/opening/sequence-01/webp/frame-0073.webp,image,94428
assets/opening/sequence-01/webp/frame-0074.webp,image,95126
assets/opening/sequence-01/webp/frame-0075.webp,image,95742
assets/opening/sequence-01/webp/frame-0076.webp,image,95740
assets/opening/sequence-01/webp/frame-0077.webp,image,96754
assets/opening/sequence-01/webp/frame-0078.webp,image,98374
assets/opening/sequence-01/webp/frame-0079.webp,image,98622
assets/opening/sequence-01/webp/frame-0080.webp,image,98522
assets/opening/sequence-01/webp/frame-0081.webp,image,99208
assets/opening/sequence-01/webp/frame-0082.webp,image,99504
assets/opening/sequence-01/webp/frame-0083.webp,image,98620
assets/opening/sequence-01/webp/frame-0084.webp,image,99162
assets/opening/sequence-01/webp/frame-0085.webp,image,99766
assets/opening/sequence-01/webp/frame-0086.webp,image,100742
assets/opening/sequence-01/webp/frame-0087.webp,image,100948
assets/opening/sequence-01/webp/frame-0088.webp,image,100462
assets/opening/sequence-01/webp/frame-0089.webp,image,100628
assets/opening/sequence-01/webp/frame-0090.webp,image,101568
assets/opening/sequence-01/webp/frame-0091.webp,image,101488
assets/opening/sequence-01/webp/frame-0092.webp,image,102404
assets/opening/sequence-01/webp/frame-0093.webp,image,101926
assets/opening/sequence-01/webp/frame-0094.webp,image,101560
assets/opening/sequence-01/webp/frame-0095.webp,image,103064
assets/opening/sequence-01/webp/frame-0096.webp,image,102144
assets/opening/sequence-01/webp/frame-0097.webp,image,102496
assets/opening/sequence-01/webp/frame-0098.webp,image,103486
assets/opening/sequence-01/webp/frame-0099.webp,image,103394
assets/opening/sequence-01/webp/frame-0100.webp,image,102662
assets/opening/sequence-01/webp/frame-0101.webp,image,103018
assets/opening/sequence-01/webp/frame-0102.webp,image,103338
assets/opening/sequence-01/webp/frame-0103.webp,image,102668
assets/opening/sequence-01/webp/frame-0104.webp,image,103244
assets/opening/sequence-01/webp/frame-0105.webp,image,104002
assets/opening/sequence-01/webp/frame-0106.webp,image,104398
assets/opening/sequence-01/webp/frame-0107.webp,image,104084
assets/opening/sequence-01/webp/frame-0108.webp,image,103916
assets/opening/sequence-01/webp/frame-0109.webp,image,107334
assets/opening/sequence-01/webp/frame-0110.webp,image,108718
assets/opening/sequence-01/webp/frame-0111.webp,image,108982
assets/opening/sequence-01/webp/frame-0112.webp,image,111052
assets/opening/sequence-01/webp/frame-0113.webp,image,112298
assets/opening/sequence-01/webp/frame-0114.webp,image,112318
assets/opening/sequence-01/webp/frame-0115.webp,image,111956
assets/opening/sequence-01/webp/frame-0116.webp,image,112020
assets/opening/sequence-01/webp/frame-0117.webp,image,112386
assets/opening/sequence-01/webp/frame-0118.webp,image,113456
assets/opening/sequence-01/webp/frame-0119.webp,image,113636
assets/opening/sequence-01/webp/frame-0120.webp,image,112962
assets/opening/sequence-01/webp/frame-0121.webp,image,113380
assets/opening/sequence-01/webp/frame-0122.webp,image,113402
assets/opening/sequence-01/webp/frame-0123.webp,image,111816
assets/opening/sequence-01/webp/frame-0124.webp,image,111426
assets/opening/sequence-01/webp/frame-0125.webp,image,113194
assets/opening/sequence-01/webp/frame-0126.webp,image,112938
assets/opening/sequence-01/webp/frame-0127.webp,image,112550
assets/opening/sequence-01/webp/frame-0128.webp,image,113094
assets/opening/sequence-01/webp/frame-0129.webp,image,112366
assets/opening/sequence-01/webp/frame-0130.webp,image,113482
assets/opening/sequence-01/webp/frame-0131.webp,image,113088
assets/opening/sequence-01/webp/frame-0132.webp,image,113850
assets/opening/sequence-01/webp/frame-0133.webp,image,113950
assets/opening/sequence-01/webp/frame-0134.webp,image,113020
assets/opening/sequence-01/webp/frame-0135.webp,image,114698
assets/opening/sequence-01/webp/frame-0136.webp,image,114178
assets/opening/sequence-01/webp/frame-0137.webp,image,113868
assets/opening/sequence-01/webp/frame-0138.webp,image,114872
assets/opening/sequence-01/webp/frame-0139.webp,image,114826
assets/opening/sequence-01/webp/frame-0140.webp,image,114552
assets/opening/sequence-01/webp/frame-0141.webp,image,114664
assets/opening/sequence-01/webp/frame-0142.webp,image,114244
assets/opening/sequence-01/webp/frame-0143.webp,image,112788
assets/opening/sequence-01/webp/frame-0144.webp,image,113536
assets/opening/sequence-01/webp/frame-0145.webp,image,114254
assets/opening/sequence-01/webp/frame-0146.webp,image,114694
assets/opening/sequence-01/webp/frame-0147.webp,image,114956
assets/opening/sequence-01/webp/frame-0148.webp,image,114574
assets/opening/sequence-01/webp/frame-0149.webp,image,115472
assets/opening/sequence-01/webp/frame-0150.webp,image,115808
assets/opening/sequence-01/webp/frame-0151.webp,image,116150
assets/opening/sequence-01/webp/frame-0152.webp,image,117790
assets/opening/sequence-01/webp/frame-0153.webp,image,117426
assets/opening/sequence-01/webp/frame-0154.webp,image,116998
assets/opening/sequence-01/webp/frame-0155.webp,image,117184
assets/opening/sequence-01/webp/frame-0156.webp,image,116760
assets/opening/sequence-01/webp/frame-0157.webp,image,116534
assets/opening/sequence-01/webp/frame-0158.webp,image,117358
assets/opening/sequence-01/webp/frame-0159.webp,image,116972
assets/opening/sequence-01/webp/frame-0160.webp,image,117532
assets/opening/sequence-01/webp/frame-0161.webp,image,116110
assets/opening/sequence-01/webp/frame-0162.webp,image,116810
assets/opening/sequence-01/webp/frame-0163.webp,image,114748
assets/opening/sequence-01/webp/frame-0164.webp,image,114426
assets/opening/sequence-01/webp/frame-0165.webp,image,117270
assets/opening/sequence-01/webp/frame-0166.webp,image,117190
assets/opening/sequence-01/webp/frame-0167.webp,image,116352
assets/opening/sequence-01/webp/frame-0168.webp,image,116152
assets/opening/sequence-01/webp/frame-0169.webp,image,115886
assets/opening/sequence-01/webp/frame-0170.webp,image,115964
assets/opening/sequence-01/webp/frame-0171.webp,image,115750
assets/opening/sequence-01/webp/frame-0172.webp,image,117506
assets/opening/sequence-01/webp/frame-0173.webp,image,117252
assets/opening/sequence-01/webp/frame-0174.webp,image,116232
assets/opening/sequence-01/webp/frame-0175.webp,image,116616
assets/opening/sequence-01/webp/frame-0176.webp,image,116276
assets/opening/sequence-01/webp/frame-0177.webp,image,116258
assets/opening/sequence-01/webp/frame-0178.webp,image,117380
assets/opening/sequence-01/webp/frame-0179.webp,image,117962
assets/opening/sequence-01/webp/frame-0180.webp,image,117760
assets/opening/sequence-01/webp/frame-0181.webp,image,116908
assets/opening/sequence-01/webp/frame-0182.webp,image,117644
assets/opening/sequence-01/webp/frame-0183.webp,image,115990
assets/opening/sequence-01/webp/frame-0184.webp,image,117082
assets/opening/sequence-01/webp/frame-0185.webp,image,116574
assets/opening/sequence-01/webp/frame-0186.webp,image,117300
assets/opening/sequence-01/webp/frame-0187.webp,image,117584
assets/opening/sequence-01/webp/frame-0188.webp,image,116496
assets/opening/sequence-01/webp/frame-0189.webp,image,118214
assets/opening/sequence-01/webp/frame-0190.webp,image,118650
assets/opening/sequence-01/webp/frame-0191.webp,image,119032
assets/opening/sequence-01/webp/frame-0192.webp,image,120318
assets/opening/sequence-01/webp/frame-0193.webp,image,121230
assets/opening/sequence-01/webp/frame-0194.webp,image,121450
assets/opening/sequence-01/webp/frame-0195.webp,image,120982
assets/opening/sequence-01/webp/frame-0196.webp,image,120730
assets/opening/sequence-01/webp/frame-0197.webp,image,121640
assets/opening/sequence-01/webp/frame-0198.webp,image,122430
assets/opening/sequence-01/webp/frame-0199.webp,image,121980
assets/opening/sequence-01/webp/frame-0200.webp,image,122794
assets/opening/sequence-02/webp/frame-0001.webp,image,87878
assets/opening/sequence-02/webp/frame-0002.webp,image,84556
assets/opening/sequence-02/webp/frame-0003.webp,image,86102
assets/opening/sequence-02/webp/frame-0004.webp,image,86458
assets/opening/sequence-02/webp/frame-0005.webp,image,88240
assets/opening/sequence-02/webp/frame-0006.webp,image,87440
assets/opening/sequence-02/webp/frame-0007.webp,image,87180
assets/opening/sequence-02/webp/frame-0008.webp,image,86232
assets/opening/sequence-02/webp/frame-0009.webp,image,86600
assets/opening/sequence-02/webp/frame-0010.webp,image,88836
assets/opening/sequence-02/webp/frame-0011.webp,image,89000
assets/opening/sequence-02/webp/frame-0012.webp,image,88828
assets/opening/sequence-02/webp/frame-0013.webp,image,87424
assets/opening/sequence-02/webp/frame-0014.webp,image,89170
assets/opening/sequence-02/webp/frame-0015.webp,image,88092
assets/opening/sequence-02/webp/frame-0016.webp,image,88296
assets/opening/sequence-02/webp/frame-0017.webp,image,88746
assets/opening/sequence-02/webp/frame-0018.webp,image,87664
assets/opening/sequence-02/webp/frame-0019.webp,image,86574
assets/opening/sequence-02/webp/frame-0020.webp,image,86688
assets/opening/sequence-02/webp/frame-0021.webp,image,87380
assets/opening/sequence-02/webp/frame-0022.webp,image,87666
assets/opening/sequence-02/webp/frame-0023.webp,image,87160
assets/opening/sequence-02/webp/frame-0024.webp,image,87164
assets/opening/sequence-02/webp/frame-0025.webp,image,87954
assets/opening/sequence-02/webp/frame-0026.webp,image,86630
assets/opening/sequence-02/webp/frame-0027.webp,image,88558
assets/opening/sequence-02/webp/frame-0028.webp,image,88544
assets/opening/sequence-02/webp/frame-0029.webp,image,87858
assets/opening/sequence-02/webp/frame-0030.webp,image,87514
assets/opening/sequence-02/webp/frame-0031.webp,image,89558
assets/opening/sequence-02/webp/frame-0032.webp,image,87696
assets/opening/sequence-02/webp/frame-0033.webp,image,87488
assets/opening/sequence-02/webp/frame-0034.webp,image,88898
assets/opening/sequence-02/webp/frame-0035.webp,image,87582
assets/opening/sequence-02/webp/frame-0036.webp,image,87048
assets/opening/sequence-02/webp/frame-0037.webp,image,87602
assets/opening/sequence-02/webp/frame-0038.webp,image,86700
assets/opening/sequence-02/webp/frame-0039.webp,image,86460
assets/opening/sequence-02/webp/frame-0040.webp,image,88270
assets/opening/sequence-02/webp/frame-0041.webp,image,87352
assets/opening/sequence-02/webp/frame-0042.webp,image,88734
assets/opening/sequence-02/webp/frame-0043.webp,image,89108
assets/opening/sequence-02/webp/frame-0044.webp,image,87804
assets/opening/sequence-02/webp/frame-0045.webp,image,88732
assets/opening/sequence-02/webp/frame-0046.webp,image,88782
assets/opening/sequence-02/webp/frame-0047.webp,image,87292
assets/opening/sequence-02/webp/frame-0048.webp,image,88170
assets/opening/sequence-02/webp/frame-0049.webp,image,86542
assets/opening/sequence-02/webp/frame-0050.webp,image,88154
assets/opening/sequence-02/webp/frame-0051.webp,image,87740
assets/opening/sequence-02/webp/frame-0052.webp,image,87044
assets/opening/sequence-02/webp/frame-0053.webp,image,87076
assets/opening/sequence-02/webp/frame-0054.webp,image,83748
assets/opening/sequence-02/webp/frame-0055.webp,image,86232
assets/opening/sequence-02/webp/frame-0056.webp,image,85038
assets/opening/sequence-02/webp/frame-0057.webp,image,86976
assets/opening/sequence-02/webp/frame-0058.webp,image,86698
assets/opening/sequence-02/webp/frame-0059.webp,image,86632
assets/opening/sequence-02/webp/frame-0060.webp,image,86506
assets/opening/sequence-02/webp/frame-0061.webp,image,87368
assets/opening/sequence-02/webp/frame-0062.webp,image,86872
assets/opening/sequence-02/webp/frame-0063.webp,image,85684
assets/opening/sequence-02/webp/frame-0064.webp,image,83732
assets/opening/sequence-02/webp/frame-0065.webp,image,84238
assets/opening/sequence-02/webp/frame-0066.webp,image,84362
assets/opening/sequence-02/webp/frame-0067.webp,image,85278
assets/opening/sequence-02/webp/frame-0068.webp,image,84654
assets/opening/sequence-02/webp/frame-0069.webp,image,83660
assets/opening/sequence-02/webp/frame-0070.webp,image,84176
assets/opening/sequence-02/webp/frame-0071.webp,image,83232
assets/opening/sequence-02/webp/frame-0072.webp,image,81514
assets/opening/sequence-02/webp/frame-0073.webp,image,81982
assets/opening/sequence-02/webp/frame-0074.webp,image,81614
assets/opening/sequence-02/webp/frame-0075.webp,image,80384
assets/opening/sequence-02/webp/frame-0076.webp,image,80070
assets/opening/sequence-02/webp/frame-0077.webp,image,81056
assets/opening/sequence-02/webp/frame-0078.webp,image,80294
assets/opening/sequence-02/webp/frame-0079.webp,image,79750
assets/opening/sequence-02/webp/frame-0080.webp,image,79852
assets/opening/sequence-02/webp/frame-0081.webp,image,78134
assets/opening/sequence-02/webp/frame-0082.webp,image,79006
assets/opening/sequence-02/webp/frame-0083.webp,image,79516
assets/opening/sequence-02/webp/frame-0084.webp,image,78644
assets/opening/sequence-02/webp/frame-0085.webp,image,77988
assets/opening/sequence-02/webp/frame-0086.webp,image,76900
assets/opening/sequence-02/webp/frame-0087.webp,image,76738
assets/opening/sequence-02/webp/frame-0088.webp,image,76656
assets/opening/sequence-02/webp/frame-0089.webp,image,77156
assets/opening/sequence-02/webp/frame-0090.webp,image,76156
assets/opening/sequence-02/webp/frame-0091.webp,image,76712
assets/opening/sequence-02/webp/frame-0092.webp,image,75312
assets/opening/sequence-02/webp/frame-0093.webp,image,75946
assets/opening/sequence-02/webp/frame-0094.webp,image,77072
assets/opening/sequence-02/webp/frame-0095.webp,image,77786
assets/opening/sequence-02/webp/frame-0096.webp,image,76802
assets/opening/sequence-02/webp/frame-0097.webp,image,77744
assets/opening/sequence-02/webp/frame-0098.webp,image,76314
assets/opening/sequence-02/webp/frame-0099.webp,image,76980
assets/opening/sequence-02/webp/frame-0100.webp,image,80480
assets/opening/sequence-02/webp/frame-0101.webp,image,78418
assets/opening/sequence-02/webp/frame-0102.webp,image,79302
assets/opening/sequence-02/webp/frame-0103.webp,image,79286
assets/opening/sequence-02/webp/frame-0104.webp,image,77236
assets/opening/sequence-02/webp/frame-0105.webp,image,75580
assets/opening/sequence-02/webp/frame-0106.webp,image,74802
assets/opening/sequence-02/webp/frame-0107.webp,image,77828
assets/opening/sequence-02/webp/frame-0108.webp,image,79718
assets/opening/sequence-02/webp/frame-0109.webp,image,78892
assets/opening/sequence-02/webp/frame-0110.webp,image,82176
assets/opening/sequence-02/webp/frame-0111.webp,image,82332
assets/opening/sequence-02/webp/frame-0112.webp,image,80212
assets/opening/sequence-02/webp/frame-0113.webp,image,81202
assets/opening/sequence-02/webp/frame-0114.webp,image,79684
assets/opening/sequence-02/webp/frame-0115.webp,image,77928
assets/opening/sequence-02/webp/frame-0116.webp,image,77824
assets/opening/sequence-02/webp/frame-0117.webp,image,78884
assets/opening/sequence-02/webp/frame-0118.webp,image,76560
assets/opening/sequence-02/webp/frame-0119.webp,image,75718
assets/opening/sequence-02/webp/frame-0120.webp,image,72682
assets/opening/sequence-02/webp/frame-0121.webp,image,70446
assets/opening/sequence-02/webp/frame-0122.webp,image,70132
assets/opening/sequence-02/webp/frame-0123.webp,image,70838
assets/opening/sequence-02/webp/frame-0124.webp,image,70244
assets/opening/sequence-02/webp/frame-0125.webp,image,70678
assets/opening/sequence-02/webp/frame-0126.webp,image,67628
assets/opening/sequence-02/webp/frame-0127.webp,image,68110
assets/opening/sequence-02/webp/frame-0128.webp,image,64744
assets/opening/sequence-02/webp/frame-0129.webp,image,62636
assets/opening/sequence-02/webp/frame-0130.webp,image,63580
assets/opening/sequence-02/webp/frame-0131.webp,image,62442
assets/opening/sequence-02/webp/frame-0132.webp,image,63378
assets/opening/sequence-02/webp/frame-0133.webp,image,62282
assets/opening/sequence-02/webp/frame-0134.webp,image,62246
assets/opening/sequence-02/webp/frame-0135.webp,image,61296
assets/opening/sequence-02/webp/frame-0136.webp,image,62376
assets/opening/sequence-02/webp/frame-0137.webp,image,62202
assets/opening/sequence-02/webp/frame-0138.webp,image,60750
assets/opening/sequence-02/webp/frame-0139.webp,image,60072
assets/opening/sequence-02/webp/frame-0140.webp,image,60586
assets/opening/sequence-02/webp/frame-0141.webp,image,61478
assets/opening/sequence-02/webp/frame-0142.webp,image,60492
assets/opening/sequence-02/webp/frame-0143.webp,image,59884
assets/opening/sequence-02/webp/frame-0144.webp,image,58322
assets/opening/sequence-02/webp/frame-0145.webp,image,58878
assets/opening/sequence-02/webp/frame-0146.webp,image,57908
assets/opening/sequence-02/webp/frame-0147.webp,image,58858
assets/opening/sequence-02/webp/frame-0148.webp,image,57978
assets/opening/sequence-02/webp/frame-0149.webp,image,59024
assets/opening/sequence-02/webp/frame-0150.webp,image,59810
assets/opening/sequence-02/webp/frame-0151.webp,image,59450
assets/opening/sequence-02/webp/frame-0152.webp,image,59584
assets/opening/sequence-02/webp/frame-0153.webp,image,59982
assets/opening/sequence-02/webp/frame-0154.webp,image,60010
assets/opening/sequence-02/webp/frame-0155.webp,image,59358
assets/opening/sequence-02/webp/frame-0156.webp,image,60624
assets/opening/sequence-02/webp/frame-0157.webp,image,61624
assets/opening/sequence-02/webp/frame-0158.webp,image,61586
assets/opening/sequence-02/webp/frame-0159.webp,image,60862
assets/opening/sequence-02/webp/frame-0160.webp,image,60998
assets/opening/sequence-02/webp/frame-0161.webp,image,62348
assets/opening/sequence-02/webp/frame-0162.webp,image,63480
assets/opening/sequence-02/webp/frame-0163.webp,image,64404
assets/opening/sequence-02/webp/frame-0164.webp,image,63416
assets/opening/sequence-02/webp/frame-0165.webp,image,65954
assets/opening/sequence-02/webp/frame-0166.webp,image,66668
assets/opening/sequence-02/webp/frame-0167.webp,image,67014
assets/opening/sequence-02/webp/frame-0168.webp,image,65478
assets/opening/sequence-02/webp/frame-0169.webp,image,65578
assets/opening/sequence-02/webp/frame-0170.webp,image,66110
assets/opening/sequence-02/webp/frame-0171.webp,image,67274
assets/opening/sequence-02/webp/frame-0172.webp,image,67496
assets/opening/sequence-02/webp/frame-0173.webp,image,68612
assets/opening/sequence-02/webp/frame-0174.webp,image,68508
assets/opening/sequence-02/webp/frame-0175.webp,image,67946
assets/opening/sequence-02/webp/frame-0176.webp,image,68370
assets/opening/sequence-02/webp/frame-0177.webp,image,71242
assets/opening/sequence-02/webp/frame-0178.webp,image,71076
assets/opening/sequence-02/webp/frame-0179.webp,image,73110
assets/opening/sequence-02/webp/frame-0180.webp,image,74132
assets/opening/sequence-02/webp/frame-0181.webp,image,75814
assets/opening/sequence-02/webp/frame-0182.webp,image,74792
assets/opening/sequence-02/webp/frame-0183.webp,image,75198
assets/opening/sequence-02/webp/frame-0184.webp,image,74626
assets/opening/sequence-02/webp/frame-0185.webp,image,75678
assets/opening/sequence-02/webp/frame-0186.webp,image,77534
assets/opening/sequence-02/webp/frame-0187.webp,image,78430
assets/opening/sequence-02/webp/frame-0188.webp,image,77948
assets/opening/sequence-02/webp/frame-0189.webp,image,79612
assets/opening/sequence-02/webp/frame-0190.webp,image,80968
assets/opening/sequence-02/webp/frame-0191.webp,image,79804
assets/opening/sequence-02/webp/frame-0192.webp,image,79550
assets/opening/sequence-02/webp/frame-0193.webp,image,80804
assets/opening/sequence-02/webp/frame-0194.webp,image,80904
assets/opening/sequence-02/webp/frame-0195.webp,image,81674
assets/opening/sequence-02/webp/frame-0196.webp,image,82504
assets/opening/sequence-02/webp/frame-0197.webp,image,83392
assets/opening/sequence-02/webp/frame-0198.webp,image,83358
assets/opening/sequence-02/webp/frame-0199.webp,image,82966
assets/opening/sequence-02/webp/frame-0200.webp,image,82958
assets/opening/sequence-02/webp/frame-0201.webp,image,83474
assets/opening/sequence-02/webp/frame-0202.webp,image,84208
assets/opening/sequence-02/webp/frame-0203.webp,image,84614
assets/opening/sequence-02/webp/frame-0204.webp,image,85320
assets/opening/sequence-02/webp/frame-0205.webp,image,86982
assets/opening/sequence-02/webp/frame-0206.webp,image,86768
assets/opening/sequence-02/webp/frame-0207.webp,image,86842
assets/opening/sequence-02/webp/frame-0208.webp,image,85754
assets/opening/sequence-02/webp/frame-0209.webp,image,86784
assets/opening/sequence-02/webp/frame-0210.webp,image,86452
assets/opening/sequence-02/webp/frame-0211.webp,image,85930
assets/opening/sequence-02/webp/frame-0212.webp,image,87534
assets/opening/sequence-02/webp/frame-0213.webp,image,88260
assets/opening/sequence-02/webp/frame-0214.webp,image,87522
assets/opening/sequence-02/webp/frame-0215.webp,image,87332
assets/opening/sequence-02/webp/frame-0216.webp,image,87356
assets/opening/sequence-02/webp/frame-0217.webp,image,87520
assets/opening/sequence-02/webp/frame-0218.webp,image,86362
assets/opening/sequence-02/webp/frame-0219.webp,image,87938
assets/opening/sequence-02/webp/frame-0220.webp,image,86474
assets/opening/sequence-02/webp/frame-0221.webp,image,88254
assets/opening/sequence-02/webp/frame-0222.webp,image,87640
assets/opening/sequence-02/webp/frame-0223.webp,image,87048
assets/opening/sequence-02/webp/frame-0224.webp,image,87114
assets/opening/sequence-02/webp/frame-0225.webp,image,87698
assets/opening/sequence-02/webp/frame-0226.webp,image,87102
assets/opening/sequence-02/webp/frame-0227.webp,image,86990
assets/opening/sequence-02/webp/frame-0228.webp,image,87238
assets/opening/sequence-02/webp/frame-0229.webp,image,88106
assets/opening/sequence-02/webp/frame-0230.webp,image,87294
assets/opening/sequence-02/webp/frame-0231.webp,image,87330
assets/opening/sequence-02/webp/frame-0232.webp,image,87028
assets/opening/sequence-02/webp/frame-0233.webp,image,87554
assets/opening/sequence-02/webp/frame-0234.webp,image,87096
assets/opening/sequence-02/webp/frame-0235.webp,image,87368
assets/opening/sequence-02/webp/frame-0236.webp,image,87076
assets/opening/sequence-02/webp/frame-0237.webp,image,87668
assets/opening/sequence-02/webp/frame-0238.webp,image,87324
assets/opening/sequence-02/webp/frame-0239.webp,image,87146
assets/opening/sequence-02/webp/frame-0240.webp,image,87548
assets/reception-entry/building-final.webp,image,101274
assets/reception-entry/reception-final.webp,image,1136996
assets/repose-experience/al-furjan-01-720.avif,image,132862
assets/repose-experience/al-furjan-01-720.jpg,image,96162
assets/repose-experience/al-furjan-01-720.webp,image,169948
assets/repose-experience/al-furjan-01.avif,image,210752
assets/repose-experience/al-furjan-01.jpg,image,161016
assets/repose-experience/al-furjan-01.webp,image,423462
assets/repose-experience/family-01.avif,image,80676
assets/repose-experience/family-01.jpg,image,43643
assets/repose-experience/family-01.webp,image,87130
assets/repose-experience/gym-01-720.avif,image,83785
assets/repose-experience/gym-01-720.jpg,image,63308
assets/repose-experience/gym-01-720.webp,image,113078
assets/repose-experience/gym-01.avif,image,206415
assets/repose-experience/gym-01.jpg,image,135442
assets/repose-experience/gym-01.webp,image,233476
assets/repose-experience/gym-02-720.avif,image,121032
assets/repose-experience/gym-02-720.jpg,image,90107
assets/repose-experience/gym-02-720.webp,image,163122
assets/repose-experience/gym-02.avif,image,288816
assets/repose-experience/gym-02.jpg,image,194564
assets/repose-experience/gym-02.webp,image,307924
assets/repose-experience/interior-bedroom-01.avif,image,73752
assets/repose-experience/interior-bedroom-01.jpg,image,51015
assets/repose-experience/interior-bedroom-01.webp,image,91404
assets/repose-experience/interior-dining-01-720.avif,image,57862
assets/repose-experience/interior-dining-01-720.jpg,image,40983
assets/repose-experience/interior-dining-01-720.webp,image,77072
assets/repose-experience/interior-dining-01.avif,image,70902
assets/repose-experience/interior-dining-01.jpg,image,46926
assets/repose-experience/interior-dining-01.webp,image,114194
assets/repose-experience/interior-kitchen-01-720.avif,image,98893
assets/repose-experience/interior-kitchen-01-720.jpg,image,65306
assets/repose-experience/interior-kitchen-01-720.webp,image,126300
assets/repose-experience/interior-kitchen-01.avif,image,111909
assets/repose-experience/interior-kitchen-01.jpg,image,89537
assets/repose-experience/interior-kitchen-01.webp,image,206072
assets/repose-experience/interior-living-01-720.avif,image,55669
assets/repose-experience/interior-living-01-720.jpg,image,39417
assets/repose-experience/interior-living-01-720.webp,image,73436
assets/repose-experience/interior-living-01.avif,image,82630
assets/repose-experience/interior-living-01.jpg,image,61717
assets/repose-experience/interior-living-01.webp,image,132776
assets/repose-experience/kids-play-01.avif,image,79900
assets/repose-experience/kids-play-01.jpg,image,47927
assets/repose-experience/kids-play-01.webp,image,91246
assets/repose-experience/open-terrace-01-720.avif,image,120437
assets/repose-experience/open-terrace-01-720.jpg,image,91490
assets/repose-experience/open-terrace-01-720.webp,image,165478
assets/repose-experience/open-terrace-01.avif,image,185251
assets/repose-experience/open-terrace-01.jpg,image,140876
assets/repose-experience/open-terrace-01.webp,image,313040
assets/repose-experience/pool-01-720.avif,image,108800
assets/repose-experience/pool-01-720.jpg,image,74563
assets/repose-experience/pool-01-720.webp,image,144486
assets/repose-experience/pool-01.avif,image,137635
assets/repose-experience/pool-01.jpg,image,104213
assets/repose-experience/pool-01.webp,image,247930
assets/repose-experience/pool-02-720.avif,image,44119
assets/repose-experience/pool-02-720.jpg,image,27357
assets/repose-experience/pool-02-720.webp,image,54968
assets/repose-experience/pool-02.avif,image,104799
assets/repose-experience/pool-02.jpg,image,60048
assets/repose-experience/pool-02.webp,image,107438
assets/repose-experience/steam-room-01-720.avif,image,70940
assets/repose-experience/steam-room-01-720.jpg,image,55023
assets/repose-experience/steam-room-01-720.webp,image,100620
assets/repose-experience/steam-room-01.avif,image,174687
assets/repose-experience/steam-room-01.jpg,image,120127
assets/repose-experience/steam-room-01.webp,image,206648
assets/repose-experience/tower-original.png,image,1359489
assets/repose-experience/walking-track-01.webp,image,126878
assets/repose-experience/yoga-01-720.avif,image,90980
assets/repose-experience/yoga-01-720.jpg,image,65461
assets/repose-experience/yoga-01-720.webp,image,120194
assets/repose-experience/yoga-01.avif,image,228162
assets/repose-experience/yoga-01.jpg,image,147679
assets/repose-experience/yoga-01.webp,image,260724
assets/repose-experience/zen-garden-01-720.avif,image,131233
assets/repose-experience/zen-garden-01-720.jpg,image,90192
assets/repose-experience/zen-garden-01-720.webp,image,171292
assets/repose-experience/zen-garden-01.avif,image,346308
assets/repose-experience/zen-garden-01.jpg,image,222140
assets/repose-experience/zen-garden-01.webp,image,401906
assets/terrace/plate-fitness.webp,image,109118
assets/terrace/plate-garden.webp,image,99612
assets/terrace/plate-sports-court.webp,image,120334
assets/vendor-gsap-CeZ-nkAJ.js,script,113053
assets/vendor-lenis-b6LeKTCb.js,script,20028
assets/vendor-react-CL6k3kZJ.js,script,189732
assets/vendor-three-FFYe1X5b.js,script,598424
assets/walkthrough/one-bedroom-walkthrough-poster.webp,image,51108
assets/walkthrough/one-bedroom-walkthrough.mp4,video,15113439
assets/walkthrough/two-bedroom-walkthrough-poster.webp,image,77860
assets/walkthrough/two-bedroom-walkthrough.mp4,video,24889537
floor-explorer/relit/floorplates/floorplate-l01-05-07-11.webp,image,1138112
floor-explorer/relit/floorplates/floorplate-l02-04-08-10.webp,image,1134226
floor-explorer/relit/floorplates/floorplate-l03-09.webp,image,1114418
floor-explorer/relit/floorplates/floorplate-l06.webp,image,1112048
floor-explorer/relit/floorplates/floorplate-l12.webp,image,1036026
floor-explorer/relit/floorplates/floorplate-l13.webp,image,1040236
floor-explorer/relit/floorplates/floorplate-l14.webp,image,1057018
floor-explorer/relit/floorplates/floorplate-l15-penthouse.webp,image,1096330
floor-explorer/relit/units/unit-l01-05-07-11-1bhk-a-prime.webp,image,390024
floor-explorer/relit/units/unit-l01-05-07-11-1bhk-a.webp,image,430018
floor-explorer/relit/units/unit-l01-05-07-11-1bhk-study-b-prime.webp,image,364298
floor-explorer/relit/units/unit-l01-05-07-11-1bhk-study-b.webp,image,384144
floor-explorer/relit/units/unit-l01-05-07-11-2bhk-maidroom-a-prime.webp,image,551580
floor-explorer/relit/units/unit-l01-05-07-11-2bhk-maidroom-a.webp,image,529008
floor-explorer/relit/units/unit-l02-04-08-10-1bhk-a-prime.webp,image,377924
floor-explorer/relit/units/unit-l02-04-08-10-1bhk-a.webp,image,408404
floor-explorer/relit/units/unit-l02-04-08-10-1bhk-study-b-prime.webp,image,392654
floor-explorer/relit/units/unit-l02-04-08-10-1bhk-study-b.webp,image,376130
floor-explorer/relit/units/unit-l02-04-08-10-2bhk-maidroom-a-prime.webp,image,581432
floor-explorer/relit/units/unit-l02-04-08-10-2bhk-maidroom-a.webp,image,561070
floor-explorer/relit/units/unit-l03-09-1bhk-a-prime.webp,image,379204
floor-explorer/relit/units/unit-l03-09-1bhk-a.webp,image,408294
floor-explorer/relit/units/unit-l03-09-1bhk-study-b-prime.webp,image,369160
floor-explorer/relit/units/unit-l03-09-1bhk-study-b.webp,image,369750
floor-explorer/relit/units/unit-l03-09-2bhk-maidroom-a-prime.webp,image,596792
floor-explorer/relit/units/unit-l03-09-2bhk-maidroom-a.webp,image,628232
floor-explorer/relit/units/unit-l06-1bhk-a-prime.webp,image,439846
floor-explorer/relit/units/unit-l06-1bhk-a.webp,image,466660
floor-explorer/relit/units/unit-l06-1bhk-study-b-prime.webp,image,376350
floor-explorer/relit/units/unit-l06-1bhk-study-b.webp,image,374030
floor-explorer/relit/units/unit-l06-2bhk-maidroom-a-prime.webp,image,633102
floor-explorer/relit/units/unit-l06-2bhk-maidroom-a.webp,image,625732
floor-explorer/relit/units/unit-l12-3bhk-maidroom-a.webp,image,889380
floor-explorer/relit/units/unit-l12-3bhk-maidroom-b-prime.webp,image,467222
floor-explorer/relit/units/unit-l12-3bhk-maidroom-b.webp,image,488978
floor-explorer/relit/units/unit-l13-3bhk-maidroom-a.webp,image,901502
floor-explorer/relit/units/unit-l13-3bhk-maidroom-b-prime.webp,image,341828
floor-explorer/relit/units/unit-l13-3bhk-maidroom-b.webp,image,504884
floor-explorer/relit/units/unit-l14-3bhk-maidroom-a.webp,image,893736
floor-explorer/relit/units/unit-l14-3bhk-maidroom-b-prime.webp,image,467258
floor-explorer/relit/units/unit-l14-3bhk-maidroom-b.webp,image,509196
floor-explorer/relit/units/unit-l15-2bhk-maidroom-b.webp,image,844652
floor-explorer/relit/units/unit-l15-3bhk-penthouse-jacuzzi-a.webp,image,721128
floor-explorer/relit/units/unit-l15-4bhk-penthouse-jacuzzi-a.webp,image,796866
floor-explorer/repose-floor-explorer-assets/floor-selector.json,data,5365
floor-explorer/repose-floor-explorer-assets/residences-map.json,data,47412
floor-explorer/repose-floor-explorer-assets/units-3d/unit-l01-05-07-11-1bhk-a-3d.webp,image,163386
floor-explorer/repose-floor-explorer-assets/units-3d/unit-l01-05-07-11-1bhk-a-prime-3d.webp,image,166808
floor-explorer/repose-floor-explorer-assets/units-3d/unit-l01-05-07-11-1bhk-study-b-3d.webp,image,157832
floor-explorer/repose-floor-explorer-assets/units-3d/unit-l01-05-07-11-1bhk-study-b-prime-3d.webp,image,162264
floor-explorer/repose-floor-explorer-assets/units-3d/unit-l01-05-07-11-2bhk-maidroom-a-3d.webp,image,175432
floor-explorer/repose-floor-explorer-assets/units-3d/unit-l01-05-07-11-2bhk-maidroom-a-prime-3d.webp,image,189356
floor-explorer/repose-floor-explorer-assets/units-3d/unit-l02-04-08-10-1bhk-a-3d.webp,image,169938
floor-explorer/repose-floor-explorer-assets/units-3d/unit-l02-04-08-10-1bhk-a-prime-3d.webp,image,164050
floor-explorer/repose-floor-explorer-assets/units-3d/unit-l02-04-08-10-1bhk-study-b-3d.webp,image,169214
floor-explorer/repose-floor-explorer-assets/units-3d/unit-l02-04-08-10-1bhk-study-b-prime-3d.webp,image,156124
floor-explorer/repose-floor-explorer-assets/units-3d/unit-l02-04-08-10-2bhk-maidroom-a-3d.webp,image,167994
floor-explorer/repose-floor-explorer-assets/units-3d/unit-l02-04-08-10-2bhk-maidroom-a-prime-3d.webp,image,152112
floor-explorer/repose-floor-explorer-assets/units-3d/unit-l03-09-1bhk-a-3d.webp,image,151100
floor-explorer/repose-floor-explorer-assets/units-3d/unit-l03-09-1bhk-a-prime-3d.webp,image,166480
floor-explorer/repose-floor-explorer-assets/units-3d/unit-l03-09-1bhk-study-b-3d.webp,image,150982
floor-explorer/repose-floor-explorer-assets/units-3d/unit-l03-09-1bhk-study-b-prime-3d.webp,image,158968
floor-explorer/repose-floor-explorer-assets/units-3d/unit-l03-09-2bhk-maidroom-a-3d.webp,image,161004
floor-explorer/repose-floor-explorer-assets/units-3d/unit-l03-09-2bhk-maidroom-a-prime-3d.webp,image,172554
floor-explorer/repose-floor-explorer-assets/units-3d/unit-l06-1bhk-a-3d.webp,image,155232
floor-explorer/repose-floor-explorer-assets/units-3d/unit-l06-1bhk-a-prime-3d.webp,image,143546
floor-explorer/repose-floor-explorer-assets/units-3d/unit-l06-1bhk-study-b-3d.webp,image,148706
floor-explorer/repose-floor-explorer-assets/units-3d/unit-l06-1bhk-study-b-prime-3d.webp,image,174898
floor-explorer/repose-floor-explorer-assets/units-3d/unit-l06-2bhk-maidroom-a-3d.webp,image,232518
floor-explorer/repose-floor-explorer-assets/units-3d/unit-l06-2bhk-maidroom-a-prime-3d.webp,image,149548
floor-explorer/repose-floor-explorer-assets/units-3d/unit-l12-3bhk-maidroom-a-3d.webp,image,200184
floor-explorer/repose-floor-explorer-assets/units-3d/unit-l12-3bhk-maidroom-b-3d.webp,image,137464
floor-explorer/repose-floor-explorer-assets/units-3d/unit-l12-3bhk-maidroom-b-prime-3d.webp,image,138816
floor-explorer/repose-floor-explorer-assets/units-3d/unit-l13-3bhk-maidroom-a-3d.webp,image,192452
floor-explorer/repose-floor-explorer-assets/units-3d/unit-l13-3bhk-maidroom-b-3d.webp,image,121356
floor-explorer/repose-floor-explorer-assets/units-3d/unit-l13-3bhk-maidroom-b-prime-3d.webp,image,115956
floor-explorer/repose-floor-explorer-assets/units-3d/unit-l14-3bhk-maidroom-a-3d.webp,image,179552
floor-explorer/repose-floor-explorer-assets/units-3d/unit-l14-3bhk-maidroom-b-3d.webp,image,134668
floor-explorer/repose-floor-explorer-assets/units-3d/unit-l14-3bhk-maidroom-b-prime-3d.webp,image,140214
floor-explorer/repose-floor-explorer-assets/units-3d/unit-l15-2bhk-maidroom-b-3d.webp,image,184382
floor-explorer/repose-floor-explorer-assets/units-3d/unit-l15-3bhk-penthouse-jacuzzi-a-3d.webp,image,149804
floor-explorer/repose-floor-explorer-assets/units-3d/unit-l15-4bhk-penthouse-jacuzzi-a-3d.webp,image,151638
index.html,html,3176
models/repose-terrace.glb,3d-model,1898088
