200	net  	Document	text/html	https://reposeresidence.com/
200	net  	Fetch	application/json	https://reposeresidence.com/floor-explorer/repose-floor-explorer-assets/floor-selector.json
200	net  	Fetch	application/json	https://reposeresidence.com/floor-explorer/repose-floor-explorer-assets/residences-map.json
200	net  	Font	font/woff2	https://reposeresidence.com/assets/fonts/repose-display-italic.woff2
200	net  	Font	font/woff2	https://reposeresidence.com/assets/fonts/repose-display.woff2
200	net  	Font	font/woff2	https://reposeresidence.com/assets/fonts/repose-sans.woff2
200	net  	Image	application/octet-stream	https://reposeresidence.com/assets/repose-experience/al-furjan-01.avif
200	net  	Image	application/octet-stream	https://reposeresidence.com/assets/repose-experience/gym-01-720.avif
200	net  	Image	application/octet-stream	https://reposeresidence.com/assets/repose-experience/gym-02-720.avif
200	net  	Image	application/octet-stream	https://reposeresidence.com/assets/repose-experience/interior-bedroom-01.avif
200	net  	Image	application/octet-stream	https://reposeresidence.com/assets/repose-experience/interior-dining-01-720.avif
200	net  	Image	application/octet-stream	https://reposeresidence.com/assets/repose-experience/interior-kitchen-01-720.avif
200	net  	Image	application/octet-stream	https://reposeresidence.com/assets/repose-experience/interior-living-01.avif
200	net  	Image	application/octet-stream	https://reposeresidence.com/assets/repose-experience/kids-play-01.avif
200	net  	Image	application/octet-stream	https://reposeresidence.com/assets/repose-experience/open-terrace-01-720.avif
200	net  	Image	application/octet-stream	https://reposeresidence.com/assets/repose-experience/open-terrace-01.avif
200	net  	Image	application/octet-stream	https://reposeresidence.com/assets/repose-experience/pool-01-720.avif
200	net  	Image	application/octet-stream	https://reposeresidence.com/assets/repose-experience/pool-01.avif
200	net  	Image	application/octet-stream	https://reposeresidence.com/assets/repose-experience/pool-02-720.avif
200	net  	Image	application/octet-stream	https://reposeresidence.com/assets/repose-experience/steam-room-01-720.avif
200	net  	Image	application/octet-stream	https://reposeresidence.com/assets/repose-experience/yoga-01-720.avif
200	net  	Image	application/octet-stream	https://reposeresidence.com/assets/repose-experience/yoga-01.avif
200	net  	Image	application/octet-stream	https://reposeresidence.com/assets/repose-experience/zen-garden-01-720.avif
200	net  	Image	image/webp	https://reposeresidence.com/assets/amenities/map.webp
200	net  	Image	image/webp	https://reposeresidence.com/assets/amenities/web/adults-outdoor-gym.webp
200	net  	Image	image/webp	https://reposeresidence.com/assets/amenities/web/cricket-simulator.webp
200	net  	Image	image/webp	https://reposeresidence.com/assets/amenities/web/for-every-generation.webp
200	net  	Image	image/webp	https://reposeresidence.com/assets/amenities/web/jacuzzi.webp
200	net  	Image	image/webp	https://reposeresidence.com/assets/amenities/web/kids-play-area.webp
200	net  	Image	image/webp	https://reposeresidence.com/assets/amenity-videos/gym.webp
200	net  	Image	image/webp	https://reposeresidence.com/assets/amenity-videos/pool.webp
200	net  	Image	image/webp	https://reposeresidence.com/assets/amenity-videos/steam-room.webp
200	net  	Image	image/webp	https://reposeresidence.com/assets/interiors/bathroom-card.webp
200	net  	Image	image/webp	https://reposeresidence.com/assets/interiors/bathroom-still.webp
200	net  	Image	image/webp	https://reposeresidence.com/assets/interiors/bedroom-card.webp
200	net  	Image	image/webp	https://reposeresidence.com/assets/interiors/bedroom-still.webp
200	net  	Image	image/webp	https://reposeresidence.com/assets/interiors/kitchen-card.webp
200	net  	Image	image/webp	https://reposeresidence.com/assets/interiors/kitchen-still.webp
200	net  	Image	image/webp	https://reposeresidence.com/assets/interiors/living-room-card.webp
200	net  	Image	image/webp	https://reposeresidence.com/assets/interiors/living-room-still.webp
200	net  	Image	image/webp	https://reposeresidence.com/assets/opening/branding/saion-logo.png
200	net  	Image	image/webp	https://reposeresidence.com/assets/opening/building/final-frame.webp
200	net  	Image	image/webp	https://reposeresidence.com/assets/opening/sequence-01/webp/frame-0001.webp
200	net  	Image	image/webp	https://reposeresidence.com/assets/opening/sequence-01/webp/frame-0002.webp
200	net  	Image	image/webp	https://reposeresidence.com/assets/opening/sequence-01/webp/frame-0003.webp
200	net  	Image	image/webp	https://reposeresidence.com/assets/opening/sequence-01/webp/frame-0004.webp
200	net  	Image	image/webp	https://reposeresidence.com/assets/opening/sequence-01/webp/frame-0005.webp
200	net  	Image	image/webp	https://reposeresidence.com/assets/opening/sequence-01/webp/frame-0006.webp
200	net  	Image	image/webp	https://reposeresidence.com/assets/opening/sequence-01/webp/frame-0007.webp
200	net  	Image	image/webp	https://reposeresidence.com/assets/opening/sequence-01/webp/frame-0008.webp
200	net  	Image	image/webp	https://reposeresidence.com/assets/opening/sequence-01/webp/frame-0009.webp
200	net  	Image	image/webp	https://reposeresidence.com/assets/opening/sequence-01/webp/frame-0010.webp
200	net  	Image	image/webp	https://reposeresidence.com/assets/opening/sequence-01/webp/frame-0011.webp
200	net  	Image	image/webp	https://reposeresidence.com/assets/opening/sequence-01/webp/frame-0012.webp
200	net  	Image	image/webp	https://reposeresidence.com/assets/opening/sequence-01/webp/frame-0013.webp
200	net  	Image	image/webp	https://reposeresidence.com/assets/opening/sequence-01/webp/frame-0014.webp
200	net  	Image	image/webp	https://reposeresidence.com/assets/opening/sequence-01/webp/frame-0015.webp
200	net  	Image	image/webp	https://reposeresidence.com/assets/opening/sequence-01/webp/frame-0016.webp
200	net  	Image	image/webp	https://reposeresidence.com/assets/opening/sequence-01/webp/frame-0017.webp
200	net  	Image	image/webp	https://reposeresidence.com/assets/opening/sequence-01/webp/frame-0018.webp
200	net  	Image	image/webp	https://reposeresidence.com/assets/opening/sequence-01/webp/frame-0019.webp
200	net  	Image	image/webp	https://reposeresidence.com/assets/opening/sequence-01/webp/frame-0020.webp
200	net  	Image	image/webp	https://reposeresidence.com/assets/opening/sequence-01/webp/frame-0021.webp
200	net  	Image	image/webp	https://reposeresidence.com/assets/opening/sequence-01/webp/frame-0022.webp
200	net  	Image	image/webp	https://reposeresidence.com/assets/opening/sequence-01/webp/frame-0023.webp
200	net  	Image	image/webp	https://reposeresidence.com/assets/opening/sequence-01/webp/frame-0024.webp
200	net  	Image	image/webp	https://reposeresidence.com/assets/opening/sequence-01/webp/frame-0025.webp
200	net  	Image	image/webp	https://reposeresidence.com/assets/opening/sequence-01/webp/frame-0026.webp
200	net  	Image	image/webp	https://reposeresidence.com/assets/opening/sequence-01/webp/frame-0027.webp
200	net  	Image	image/webp	https://reposeresidence.com/assets/opening/sequence-01/webp/frame-0028.webp
200	net  	Image	image/webp	https://reposeresidence.com/assets/opening/sequence-01/webp/frame-0029.webp
200	net  	Image	image/webp	https://reposeresidence.com/assets/opening/sequence-01/webp/frame-0030.webp
200	net  	Image	image/webp	https://reposeresidence.com/assets/opening/sequence-01/webp/frame-0031.webp
200	net  	Image	image/webp	https://reposeresidence.com/assets/opening/sequence-01/webp/frame-0032.webp
200	net  	Image	image/webp	https://reposeresidence.com/assets/opening/sequence-01/webp/frame-0033.webp
200	net  	Image	image/webp	https://reposeresidence.com/assets/opening/sequence-01/webp/frame-0034.webp
200	net  	Image	image/webp	https://reposeresidence.com/assets/opening/sequence-01/webp/frame-0035.webp
200	net  	Image	image/webp	https://reposeresidence.com/assets/opening/sequence-01/webp/frame-0036.webp
200	net  	Image	image/webp	https://reposeresidence.com/assets/opening/sequence-01/webp/frame-0037.webp
200	net  	Image	image/webp	https://reposeresidence.com/assets/opening/sequence-01/webp/frame-0038.webp
200	net  	Image	image/webp	https://reposeresidence.com/assets/opening/sequence-01/webp/frame-0039.webp
200	net  	Image	image/webp	https://reposeresidence.com/assets/opening/sequence-01/webp/frame-0040.webp
200	net  	Image	image/webp	https://reposeresidence.com/assets/opening/sequence-01/webp/frame-0041.webp
200	net  	Image	image/webp	https://reposeresidence.com/assets/opening/sequence-01/webp/frame-0042.webp
200	net  	Image	image/webp	https://reposeresidence.com/assets/opening/sequence-01/webp/frame-0043.webp
200	net  	Image	image/webp	https://reposeresidence.com/assets/opening/sequence-01/webp/frame-0044.webp
200	net  	Image	image/webp	https://reposeresidence.com/assets/opening/sequence-01/webp/frame-0045.webp
200	net  	Image	image/webp	https://reposeresidence.com/assets/opening/sequence-01/webp/frame-0046.webp
200	net  	Image	image/webp	https://reposeresidence.com/assets/opening/sequence-01/webp/frame-0047.webp
200	net  	Image	image/webp	https://reposeresidence.com/assets/opening/sequence-01/webp/frame-0048.webp
200	net  	Image	image/webp	https://reposeresidence.com/assets/opening/sequence-01/webp/frame-0049.webp
200	net  	Image	image/webp	https://reposeresidence.com/assets/opening/sequence-01/webp/frame-0050.webp
200	net  	Image	image/webp	https://reposeresidence.com/assets/opening/sequence-01/webp/frame-0051.webp
200	net  	Image	image/webp	https://reposeresidence.com/assets/opening/sequence-01/webp/frame-0052.webp
200	net  	Image	image/webp	https://reposeresidence.com/assets/opening/sequence-01/webp/frame-0053.webp
200	net  	Image	image/webp	https://reposeresidence.com/assets/opening/sequence-01/webp/frame-0054.webp
200	net  	Image	image/webp	https://reposeresidence.com/assets/opening/sequence-01/webp/frame-0055.webp
200	net  	Image	image/webp	https://reposeresidence.com/assets/opening/sequence-01/webp/frame-0056.webp
200	net  	Image	image/webp	https://reposeresidence.com/assets/opening/sequence-01/webp/frame-0057.webp
200	net  	Image	image/webp	https://reposeresidence.com/assets/opening/sequence-01/webp/frame-0058.webp
200	net  	Image	image/webp	https://reposeresidence.com/assets/opening/sequence-01/webp/frame-0059.webp
200	net  	Image	image/webp	https://reposeresidence.com/assets/opening/sequence-01/webp/frame-0060.webp
200	net  	Image	image/webp	https://reposeresidence.com/assets/opening/sequence-01/webp/frame-0061.webp
200	net  	Image	image/webp	https://reposeresidence.com/assets/opening/sequence-01/webp/frame-0062.webp
200	net  	Image	image/webp	https://reposeresidence.com/assets/opening/sequence-01/webp/frame-0063.webp
200	net  	Image	image/webp	https://reposeresidence.com/assets/opening/sequence-01/webp/frame-0064.webp
200	net  	Image	image/webp	https://reposeresidence.com/assets/opening/sequence-01/webp/frame-0065.webp
200	net  	Image	image/webp	https://reposeresidence.com/assets/opening/sequence-01/webp/frame-0066.webp
200	net  	Image	image/webp	https://reposeresidence.com/assets/opening/sequence-01/webp/frame-0067.webp
200	net  	Image	image/webp	https://reposeresidence.com/assets/opening/sequence-01/webp/frame-0068.webp
200	net  	Image	image/webp	https://reposeresidence.com/assets/opening/sequence-01/webp/frame-0069.webp
200	net  	Image	image/webp	https://reposeresidence.com/assets/opening/sequence-01/webp/frame-0070.webp
200	net  	Image	image/webp	https://reposeresidence.com/assets/opening/sequence-01/webp/frame-0071.webp
200	net  	Image	image/webp	https://reposeresidence.com/assets/opening/sequence-01/webp/frame-0072.webp
200	net  	Image	image/webp	https://reposeresidence.com/assets/opening/sequence-01/webp/frame-0073.webp
200	net  	Image	image/webp	https://reposeresidence.com/assets/opening/sequence-01/webp/frame-0074.webp
200	net  	Image	image/webp	https://reposeresidence.com/assets/opening/sequence-01/webp/frame-0075.webp
200	net  	Image	image/webp	https://reposeresidence.com/assets/opening/sequence-01/webp/frame-0076.webp
200	net  	Image	image/webp	https://reposeresidence.com/assets/opening/sequence-01/webp/frame-0077.webp
200	net  	Image	image/webp	https://reposeresidence.com/assets/opening/sequence-01/webp/frame-0078.webp
200	net  	Image	image/webp	https://reposeresidence.com/assets/opening/sequence-01/webp/frame-0079.webp
200	net  	Image	image/webp	https://reposeresidence.com/assets/opening/sequence-01/webp/frame-0080.webp
200	net  	Image	image/webp	https://reposeresidence.com/assets/opening/sequence-01/webp/frame-0081.webp
200	net  	Image	image/webp	https://reposeresidence.com/assets/opening/sequence-01/webp/frame-0082.webp
200	net  	Image	image/webp	https://reposeresidence.com/assets/opening/sequence-01/webp/frame-0083.webp
200	net  	Image	image/webp	https://reposeresidence.com/assets/opening/sequence-01/webp/frame-0084.webp
200	net  	Image	image/webp	https://reposeresidence.com/assets/opening/sequence-01/webp/frame-0085.webp
200	net  	Image	image/webp	https://reposeresidence.com/assets/opening/sequence-01/webp/frame-0086.webp
200	net  	Image	image/webp	https://reposeresidence.com/assets/opening/sequence-01/webp/frame-0087.webp
200	net  	Image	image/webp	https://reposeresidence.com/assets/opening/sequence-01/webp/frame-0088.webp
200	net  	Image	image/webp	https://reposeresidence.com/assets/opening/sequence-01/webp/frame-0089.webp
200	net  	Image	image/webp	https://reposeresidence.com/assets/opening/sequence-01/webp/frame-0090.webp
200	net  	Image	image/webp	https://reposeresidence.com/assets/opening/sequence-01/webp/frame-0091.webp
200	net  	Image	image/webp	https://reposeresidence.com/assets/opening/sequence-01/webp/frame-0092.webp
200	net  	Image	image/webp	https://reposeresidence.com/assets/opening/sequence-01/webp/frame-0093.webp
200	net  	Image	image/webp	https://reposeresidence.com/assets/opening/sequence-01/webp/frame-0094.webp
200	net  	Image	image/webp	https://reposeresidence.com/assets/opening/sequence-01/webp/frame-0095.webp
200	net  	Image	image/webp	https://reposeresidence.com/assets/opening/sequence-01/webp/frame-0096.webp
200	net  	Image	image/webp	https://reposeresidence.com/assets/opening/sequence-01/webp/frame-0097.webp
200	net  	Image	image/webp	https://reposeresidence.com/assets/opening/sequence-01/webp/frame-0098.webp
200	net  	Image	image/webp	https://reposeresidence.com/assets/opening/sequence-01/webp/frame-0099.webp
200	net  	Image	image/webp	https://reposeresidence.com/assets/opening/sequence-01/webp/frame-0100.webp
200	net  	Image	image/webp	https://reposeresidence.com/assets/opening/sequence-01/webp/frame-0101.webp
200	net  	Image	image/webp	https://reposeresidence.com/assets/opening/sequence-01/webp/frame-0102.webp
200	net  	Image	image/webp	https://reposeresidence.com/assets/opening/sequence-01/webp/frame-0103.webp
200	net  	Image	image/webp	https://reposeresidence.com/assets/opening/sequence-01/webp/frame-0104.webp
200	net  	Image	image/webp	https://reposeresidence.com/assets/opening/sequence-01/webp/frame-0105.webp
200	net  	Image	image/webp	https://reposeresidence.com/assets/opening/sequence-01/webp/frame-0106.webp
200	net  	Image	image/webp	https://reposeresidence.com/assets/opening/sequence-01/webp/frame-0107.webp
200	net  	Image	image/webp	https://reposeresidence.com/assets/opening/sequence-01/webp/frame-0108.webp
200	net  	Image	image/webp	https://reposeresidence.com/assets/opening/sequence-01/webp/frame-0109.webp
200	net  	Image	image/webp	https://reposeresidence.com/assets/opening/sequence-01/webp/frame-0110.webp
200	net  	Image	image/webp	https://reposeresidence.com/assets/opening/sequence-01/webp/frame-0111.webp
200	net  	Image	image/webp	https://reposeresidence.com/assets/opening/sequence-01/webp/frame-0112.webp
200	net  	Image	image/webp	https://reposeresidence.com/assets/opening/sequence-01/webp/frame-0113.webp
200	net  	Image	image/webp	https://reposeresidence.com/assets/opening/sequence-01/webp/frame-0114.webp
200	net  	Image	image/webp	https://reposeresidence.com/assets/opening/sequence-01/webp/frame-0115.webp
200	net  	Image	image/webp	https://reposeresidence.com/assets/opening/sequence-01/webp/frame-0116.webp
200	net  	Image	image/webp	https://reposeresidence.com/assets/opening/sequence-01/webp/frame-0117.webp
200	net  	Image	image/webp	https://reposeresidence.com/assets/opening/sequence-01/webp/frame-0118.webp
200	net  	Image	image/webp	https://reposeresidence.com/assets/opening/sequence-01/webp/frame-0119.webp
200	net  	Image	image/webp	https://reposeresidence.com/assets/opening/sequence-01/webp/frame-0120.webp
200	net  	Image	image/webp	https://reposeresidence.com/assets/opening/sequence-01/webp/frame-0121.webp
200	net  	Image	image/webp	https://reposeresidence.com/assets/opening/sequence-01/webp/frame-0122.webp
200	net  	Image	image/webp	https://reposeresidence.com/assets/opening/sequence-01/webp/frame-0123.webp
200	net  	Image	image/webp	https://reposeresidence.com/assets/opening/sequence-01/webp/frame-0124.webp
200	net  	Image	image/webp	https://reposeresidence.com/assets/opening/sequence-01/webp/frame-0125.webp
200	net  	Image	image/webp	https://reposeresidence.com/assets/opening/sequence-01/webp/frame-0126.webp
200	net  	Image	image/webp	https://reposeresidence.com/assets/opening/sequence-01/webp/frame-0127.webp
200	net  	Image	image/webp	https://reposeresidence.com/assets/opening/sequence-01/webp/frame-0128.webp
200	net  	Image	image/webp	https://reposeresidence.com/assets/opening/sequence-01/webp/frame-0129.webp
200	net  	Image	image/webp	https://reposeresidence.com/assets/opening/sequence-01/webp/frame-0130.webp
200	net  	Image	image/webp	https://reposeresidence.com/assets/opening/sequence-01/webp/frame-0131.webp
200	net  	Image	image/webp	https://reposeresidence.com/assets/opening/sequence-01/webp/frame-0132.webp
200	net  	Image	image/webp	https://reposeresidence.com/assets/opening/sequence-01/webp/frame-0133.webp
200	net  	Image	image/webp	https://reposeresidence.com/assets/opening/sequence-01/webp/frame-0134.webp
200	net  	Image	image/webp	https://reposeresidence.com/assets/opening/sequence-01/webp/frame-0135.webp
200	net  	Image	image/webp	https://reposeresidence.com/assets/opening/sequence-01/webp/frame-0136.webp
200	net  	Image	image/webp	https://reposeresidence.com/assets/opening/sequence-01/webp/frame-0137.webp
200	net  	Image	image/webp	https://reposeresidence.com/assets/opening/sequence-01/webp/frame-0138.webp
200	net  	Image	image/webp	https://reposeresidence.com/assets/opening/sequence-01/webp/frame-0139.webp
200	net  	Image	image/webp	https://reposeresidence.com/assets/opening/sequence-01/webp/frame-0140.webp
200	net  	Image	image/webp	https://reposeresidence.com/assets/opening/sequence-01/webp/frame-0141.webp
200	net  	Image	image/webp	https://reposeresidence.com/assets/opening/sequence-01/webp/frame-0142.webp
200	net  	Image	image/webp	https://reposeresidence.com/assets/opening/sequence-01/webp/frame-0143.webp
200	net  	Image	image/webp	https://reposeresidence.com/assets/opening/sequence-01/webp/frame-0144.webp
200	net  	Image	image/webp	https://reposeresidence.com/assets/opening/sequence-01/webp/frame-0145.webp
200	net  	Image	image/webp	https://reposeresidence.com/assets/opening/sequence-01/webp/frame-0146.webp
200	net  	Image	image/webp	https://reposeresidence.com/assets/opening/sequence-01/webp/frame-0147.webp
200	net  	Image	image/webp	https://reposeresidence.com/assets/opening/sequence-01/webp/frame-0148.webp
200	net  	Image	image/webp	https://reposeresidence.com/assets/opening/sequence-01/webp/frame-0149.webp
200	net  	Image	image/webp	https://reposeresidence.com/assets/opening/sequence-01/webp/frame-0150.webp
200	net  	Image	image/webp	https://reposeresidence.com/assets/opening/sequence-01/webp/frame-0151.webp
200	net  	Image	image/webp	https://reposeresidence.com/assets/opening/sequence-01/webp/frame-0152.webp
200	net  	Image	image/webp	https://reposeresidence.com/assets/opening/sequence-01/webp/frame-0153.webp
200	net  	Image	image/webp	https://reposeresidence.com/assets/opening/sequence-01/webp/frame-0154.webp
200	net  	Image	image/webp	https://reposeresidence.com/assets/opening/sequence-01/webp/frame-0155.webp
200	net  	Image	image/webp	https://reposeresidence.com/assets/opening/sequence-01/webp/frame-0156.webp
200	net  	Image	image/webp	https://reposeresidence.com/assets/opening/sequence-01/webp/frame-0157.webp
200	net  	Image	image/webp	https://reposeresidence.com/assets/opening/sequence-01/webp/frame-0158.webp
200	net  	Image	image/webp	https://reposeresidence.com/assets/opening/sequence-01/webp/frame-0159.webp
200	net  	Image	image/webp	https://reposeresidence.com/assets/opening/sequence-01/webp/frame-0160.webp
200	net  	Image	image/webp	https://reposeresidence.com/assets/opening/sequence-01/webp/frame-0161.webp
200	net  	Image	image/webp	https://reposeresidence.com/assets/opening/sequence-01/webp/frame-0162.webp
200	net  	Image	image/webp	https://reposeresidence.com/assets/opening/sequence-01/webp/frame-0163.webp
200	net  	Image	image/webp	https://reposeresidence.com/assets/opening/sequence-01/webp/frame-0164.webp
200	net  	Image	image/webp	https://reposeresidence.com/assets/opening/sequence-01/webp/frame-0165.webp
200	net  	Image	image/webp	https://reposeresidence.com/assets/opening/sequence-01/webp/frame-0166.webp
200	net  	Image	image/webp	https://reposeresidence.com/assets/opening/sequence-01/webp/frame-0167.webp
200	net  	Image	image/webp	https://reposeresidence.com/assets/opening/sequence-01/webp/frame-0168.webp
200	net  	Image	image/webp	https://reposeresidence.com/assets/opening/sequence-01/webp/frame-0169.webp
200	net  	Image	image/webp	https://reposeresidence.com/assets/opening/sequence-01/webp/frame-0170.webp
200	net  	Image	image/webp	https://reposeresidence.com/assets/opening/sequence-01/webp/frame-0171.webp
200	net  	Image	image/webp	https://reposeresidence.com/assets/opening/sequence-01/webp/frame-0172.webp
200	net  	Image	image/webp	https://reposeresidence.com/assets/opening/sequence-01/webp/frame-0173.webp
200	net  	Image	image/webp	https://reposeresidence.com/assets/opening/sequence-01/webp/frame-0174.webp
200	net  	Image	image/webp	https://reposeresidence.com/assets/opening/sequence-01/webp/frame-0175.webp
200	net  	Image	image/webp	https://reposeresidence.com/assets/opening/sequence-01/webp/frame-0176.webp
200	net  	Image	image/webp	https://reposeresidence.com/assets/opening/sequence-01/webp/frame-0177.webp
200	net  	Image	image/webp	https://reposeresidence.com/assets/opening/sequence-01/webp/frame-0178.webp
200	net  	Image	image/webp	https://reposeresidence.com/assets/opening/sequence-01/webp/frame-0179.webp
200	net  	Image	image/webp	https://reposeresidence.com/assets/opening/sequence-01/webp/frame-0180.webp
200	net  	Image	image/webp	https://reposeresidence.com/assets/opening/sequence-01/webp/frame-0181.webp
200	net  	Image	image/webp	https://reposeresidence.com/assets/opening/sequence-01/webp/frame-0182.webp
200	net  	Image	image/webp	https://reposeresidence.com/assets/opening/sequence-01/webp/frame-0183.webp
200	net  	Image	image/webp	https://reposeresidence.com/assets/opening/sequence-01/webp/frame-0184.webp
200	net  	Image	image/webp	https://reposeresidence.com/assets/opening/sequence-01/webp/frame-0185.webp
200	net  	Image	image/webp	https://reposeresidence.com/assets/opening/sequence-01/webp/frame-0186.webp
200	net  	Image	image/webp	https://reposeresidence.com/assets/opening/sequence-01/webp/frame-0187.webp
200	net  	Image	image/webp	https://reposeresidence.com/assets/opening/sequence-01/webp/frame-0188.webp
200	net  	Image	image/webp	https://reposeresidence.com/assets/opening/sequence-01/webp/frame-0189.webp
200	net  	Image	image/webp	https://reposeresidence.com/assets/opening/sequence-01/webp/frame-0190.webp
200	net  	Image	image/webp	https://reposeresidence.com/assets/opening/sequence-01/webp/frame-0191.webp
200	net  	Image	image/webp	https://reposeresidence.com/assets/opening/sequence-01/webp/frame-0192.webp
200	net  	Image	image/webp	https://reposeresidence.com/assets/opening/sequence-01/webp/frame-0193.webp
200	net  	Image	image/webp	https://reposeresidence.com/assets/opening/sequence-01/webp/frame-0194.webp
200	net  	Image	image/webp	https://reposeresidence.com/assets/opening/sequence-01/webp/frame-0195.webp
200	net  	Image	image/webp	https://reposeresidence.com/assets/opening/sequence-01/webp/frame-0196.webp
200	net  	Image	image/webp	https://reposeresidence.com/assets/opening/sequence-01/webp/frame-0197.webp
200	net  	Image	image/webp	https://reposeresidence.com/assets/opening/sequence-01/webp/frame-0198.webp
200	net  	Image	image/webp	https://reposeresidence.com/assets/opening/sequence-01/webp/frame-0199.webp
200	net  	Image	image/webp	https://reposeresidence.com/assets/opening/sequence-01/webp/frame-0200.webp
200	net  	Image	image/webp	https://reposeresidence.com/assets/opening/sequence-02/webp/frame-0001.webp
200	net  	Image	image/webp	https://reposeresidence.com/assets/opening/sequence-02/webp/frame-0002.webp
200	net  	Image	image/webp	https://reposeresidence.com/assets/opening/sequence-02/webp/frame-0003.webp
200	net  	Image	image/webp	https://reposeresidence.com/assets/opening/sequence-02/webp/frame-0004.webp
200	net  	Image	image/webp	https://reposeresidence.com/assets/opening/sequence-02/webp/frame-0005.webp
200	net  	Image	image/webp	https://reposeresidence.com/assets/opening/sequence-02/webp/frame-0006.webp
200	net  	Image	image/webp	https://reposeresidence.com/assets/opening/sequence-02/webp/frame-0007.webp
200	net  	Image	image/webp	https://reposeresidence.com/assets/opening/sequence-02/webp/frame-0008.webp
200	net  	Image	image/webp	https://reposeresidence.com/assets/opening/sequence-02/webp/frame-0009.webp
200	net  	Image	image/webp	https://reposeresidence.com/assets/opening/sequence-02/webp/frame-0010.webp
200	net  	Image	image/webp	https://reposeresidence.com/assets/opening/sequence-02/webp/frame-0011.webp
200	net  	Image	image/webp	https://reposeresidence.com/assets/opening/sequence-02/webp/frame-0012.webp
200	net  	Image	image/webp	https://reposeresidence.com/assets/opening/sequence-02/webp/frame-0013.webp
200	net  	Image	image/webp	https://reposeresidence.com/assets/opening/sequence-02/webp/frame-0014.webp
200	net  	Image	image/webp	https://reposeresidence.com/assets/opening/sequence-02/webp/frame-0015.webp
200	net  	Image	image/webp	https://reposeresidence.com/assets/opening/sequence-02/webp/frame-0016.webp
200	net  	Image	image/webp	https://reposeresidence.com/assets/opening/sequence-02/webp/frame-0017.webp
200	net  	Image	image/webp	https://reposeresidence.com/assets/opening/sequence-02/webp/frame-0018.webp
200	net  	Image	image/webp	https://reposeresidence.com/assets/opening/sequence-02/webp/frame-0019.webp
200	net  	Image	image/webp	https://reposeresidence.com/assets/opening/sequence-02/webp/frame-0020.webp
200	net  	Image	image/webp	https://reposeresidence.com/assets/opening/sequence-02/webp/frame-0021.webp
200	net  	Image	image/webp	https://reposeresidence.com/assets/opening/sequence-02/webp/frame-0022.webp
200	net  	Image	image/webp	https://reposeresidence.com/assets/opening/sequence-02/webp/frame-0023.webp
200	net  	Image	image/webp	https://reposeresidence.com/assets/opening/sequence-02/webp/frame-0024.webp
200	net  	Image	image/webp	https://reposeresidence.com/assets/opening/sequence-02/webp/frame-0025.webp
200	net  	Image	image/webp	https://reposeresidence.com/assets/opening/sequence-02/webp/frame-0026.webp
200	net  	Image	image/webp	https://reposeresidence.com/assets/opening/sequence-02/webp/frame-0027.webp
200	net  	Image	image/webp	https://reposeresidence.com/assets/opening/sequence-02/webp/frame-0028.webp
200	net  	Image	image/webp	https://reposeresidence.com/assets/opening/sequence-02/webp/frame-0029.webp
200	net  	Image	image/webp	https://reposeresidence.com/assets/opening/sequence-02/webp/frame-0030.webp
200	net  	Image	image/webp	https://reposeresidence.com/assets/opening/sequence-02/webp/frame-0031.webp
200	net  	Image	image/webp	https://reposeresidence.com/assets/opening/sequence-02/webp/frame-0032.webp
200	net  	Image	image/webp	https://reposeresidence.com/assets/opening/sequence-02/webp/frame-0033.webp
200	net  	Image	image/webp	https://reposeresidence.com/assets/opening/sequence-02/webp/frame-0034.webp
200	net  	Image	image/webp	https://reposeresidence.com/assets/opening/sequence-02/webp/frame-0035.webp
200	net  	Image	image/webp	https://reposeresidence.com/assets/opening/sequence-02/webp/frame-0036.webp
200	net  	Image	image/webp	https://reposeresidence.com/assets/opening/sequence-02/webp/frame-0037.webp
200	net  	Image	image/webp	https://reposeresidence.com/assets/opening/sequence-02/webp/frame-0038.webp
200	net  	Image	image/webp	https://reposeresidence.com/assets/opening/sequence-02/webp/frame-0039.webp
200	net  	Image	image/webp	https://reposeresidence.com/assets/opening/sequence-02/webp/frame-0040.webp
200	net  	Image	image/webp	https://reposeresidence.com/assets/opening/sequence-02/webp/frame-0041.webp
200	net  	Image	image/webp	https://reposeresidence.com/assets/opening/sequence-02/webp/frame-0042.webp
200	net  	Image	image/webp	https://reposeresidence.com/assets/opening/sequence-02/webp/frame-0043.webp
200	net  	Image	image/webp	https://reposeresidence.com/assets/opening/sequence-02/webp/frame-0044.webp
200	net  	Image	image/webp	https://reposeresidence.com/assets/opening/sequence-02/webp/frame-0045.webp
200	net  	Image	image/webp	https://reposeresidence.com/assets/opening/sequence-02/webp/frame-0046.webp
200	net  	Image	image/webp	https://reposeresidence.com/assets/opening/sequence-02/webp/frame-0047.webp
200	net  	Image	image/webp	https://reposeresidence.com/assets/opening/sequence-02/webp/frame-0048.webp
200	net  	Image	image/webp	https://reposeresidence.com/assets/opening/sequence-02/webp/frame-0049.webp
200	net  	Image	image/webp	https://reposeresidence.com/assets/opening/sequence-02/webp/frame-0050.webp
200	net  	Image	image/webp	https://reposeresidence.com/assets/opening/sequence-02/webp/frame-0051.webp
200	net  	Image	image/webp	https://reposeresidence.com/assets/opening/sequence-02/webp/frame-0052.webp
200	net  	Image	image/webp	https://reposeresidence.com/assets/opening/sequence-02/webp/frame-0053.webp
200	net  	Image	image/webp	https://reposeresidence.com/assets/opening/sequence-02/webp/frame-0054.webp
200	net  	Image	image/webp	https://reposeresidence.com/assets/opening/sequence-02/webp/frame-0055.webp
200	net  	Image	image/webp	https://reposeresidence.com/assets/opening/sequence-02/webp/frame-0056.webp
200	net  	Image	image/webp	https://reposeresidence.com/assets/opening/sequence-02/webp/frame-0057.webp
200	net  	Image	image/webp	https://reposeresidence.com/assets/opening/sequence-02/webp/frame-0058.webp
200	net  	Image	image/webp	https://reposeresidence.com/assets/opening/sequence-02/webp/frame-0059.webp
200	net  	Image	image/webp	https://reposeresidence.com/assets/opening/sequence-02/webp/frame-0060.webp
200	net  	Image	image/webp	https://reposeresidence.com/assets/opening/sequence-02/webp/frame-0061.webp
200	net  	Image	image/webp	https://reposeresidence.com/assets/opening/sequence-02/webp/frame-0062.webp
200	net  	Image	image/webp	https://reposeresidence.com/assets/opening/sequence-02/webp/frame-0063.webp
200	net  	Image	image/webp	https://reposeresidence.com/assets/opening/sequence-02/webp/frame-0064.webp
200	net  	Image	image/webp	https://reposeresidence.com/assets/opening/sequence-02/webp/frame-0065.webp
200	net  	Image	image/webp	https://reposeresidence.com/assets/opening/sequence-02/webp/frame-0066.webp
200	net  	Image	image/webp	https://reposeresidence.com/assets/opening/sequence-02/webp/frame-0067.webp
200	net  	Image	image/webp	https://reposeresidence.com/assets/opening/sequence-02/webp/frame-0068.webp
200	net  	Image	image/webp	https://reposeresidence.com/assets/opening/sequence-02/webp/frame-0069.webp
200	net  	Image	image/webp	https://reposeresidence.com/assets/opening/sequence-02/webp/frame-0070.webp
200	net  	Image	image/webp	https://reposeresidence.com/assets/opening/sequence-02/webp/frame-0071.webp
200	net  	Image	image/webp	https://reposeresidence.com/assets/opening/sequence-02/webp/frame-0072.webp
200	net  	Image	image/webp	https://reposeresidence.com/assets/opening/sequence-02/webp/frame-0073.webp
200	net  	Image	image/webp	https://reposeresidence.com/assets/opening/sequence-02/webp/frame-0074.webp
200	net  	Image	image/webp	https://reposeresidence.com/assets/opening/sequence-02/webp/frame-0075.webp
200	net  	Image	image/webp	https://reposeresidence.com/assets/opening/sequence-02/webp/frame-0076.webp
200	net  	Image	image/webp	https://reposeresidence.com/assets/opening/sequence-02/webp/frame-0077.webp
200	net  	Image	image/webp	https://reposeresidence.com/assets/opening/sequence-02/webp/frame-0078.webp
200	net  	Image	image/webp	https://reposeresidence.com/assets/opening/sequence-02/webp/frame-0079.webp
200	net  	Image	image/webp	https://reposeresidence.com/assets/opening/sequence-02/webp/frame-0080.webp
200	net  	Image	image/webp	https://reposeresidence.com/assets/opening/sequence-02/webp/frame-0081.webp
200	net  	Image	image/webp	https://reposeresidence.com/assets/opening/sequence-02/webp/frame-0082.webp
200	net  	Image	image/webp	https://reposeresidence.com/assets/opening/sequence-02/webp/frame-0083.webp
200	net  	Image	image/webp	https://reposeresidence.com/assets/opening/sequence-02/webp/frame-0084.webp
200	net  	Image	image/webp	https://reposeresidence.com/assets/opening/sequence-02/webp/frame-0085.webp
200	net  	Image	image/webp	https://reposeresidence.com/assets/opening/sequence-02/webp/frame-0086.webp
200	net  	Image	image/webp	https://reposeresidence.com/assets/opening/sequence-02/webp/frame-0087.webp
200	net  	Image	image/webp	https://reposeresidence.com/assets/opening/sequence-02/webp/frame-0088.webp
200	net  	Image	image/webp	https://reposeresidence.com/assets/opening/sequence-02/webp/frame-0089.webp
200	net  	Image	image/webp	https://reposeresidence.com/assets/opening/sequence-02/webp/frame-0090.webp
200	net  	Image	image/webp	https://reposeresidence.com/assets/opening/sequence-02/webp/frame-0091.webp
200	net  	Image	image/webp	https://reposeresidence.com/assets/opening/sequence-02/webp/frame-0092.webp
200	net  	Image	image/webp	https://reposeresidence.com/assets/opening/sequence-02/webp/frame-0093.webp
200	net  	Image	image/webp	https://reposeresidence.com/assets/opening/sequence-02/webp/frame-0094.webp
200	net  	Image	image/webp	https://reposeresidence.com/assets/opening/sequence-02/webp/frame-0095.webp
200	net  	Image	image/webp	https://reposeresidence.com/assets/opening/sequence-02/webp/frame-0096.webp
200	net  	Image	image/webp	https://reposeresidence.com/assets/opening/sequence-02/webp/frame-0097.webp
200	net  	Image	image/webp	https://reposeresidence.com/assets/opening/sequence-02/webp/frame-0098.webp
200	net  	Image	image/webp	https://reposeresidence.com/assets/opening/sequence-02/webp/frame-0099.webp
200	net  	Image	image/webp	https://reposeresidence.com/assets/opening/sequence-02/webp/frame-0100.webp
200	net  	Image	image/webp	https://reposeresidence.com/assets/opening/sequence-02/webp/frame-0101.webp
200	net  	Image	image/webp	https://reposeresidence.com/assets/opening/sequence-02/webp/frame-0102.webp
200	net  	Image	image/webp	https://reposeresidence.com/assets/opening/sequence-02/webp/frame-0103.webp
200	net  	Image	image/webp	https://reposeresidence.com/assets/opening/sequence-02/webp/frame-0104.webp
200	net  	Image	image/webp	https://reposeresidence.com/assets/opening/sequence-02/webp/frame-0105.webp
200	net  	Image	image/webp	https://reposeresidence.com/assets/opening/sequence-02/webp/frame-0106.webp
200	net  	Image	image/webp	https://reposeresidence.com/assets/opening/sequence-02/webp/frame-0107.webp
200	net  	Image	image/webp	https://reposeresidence.com/assets/opening/sequence-02/webp/frame-0108.webp
200	net  	Image	image/webp	https://reposeresidence.com/assets/opening/sequence-02/webp/frame-0109.webp
200	net  	Image	image/webp	https://reposeresidence.com/assets/opening/sequence-02/webp/frame-0110.webp
200	net  	Image	image/webp	https://reposeresidence.com/assets/opening/sequence-02/webp/frame-0111.webp
200	net  	Image	image/webp	https://reposeresidence.com/assets/opening/sequence-02/webp/frame-0112.webp
200	net  	Image	image/webp	https://reposeresidence.com/assets/opening/sequence-02/webp/frame-0113.webp
200	net  	Image	image/webp	https://reposeresidence.com/assets/opening/sequence-02/webp/frame-0114.webp
200	net  	Image	image/webp	https://reposeresidence.com/assets/opening/sequence-02/webp/frame-0115.webp
200	net  	Image	image/webp	https://reposeresidence.com/assets/opening/sequence-02/webp/frame-0116.webp
200	net  	Image	image/webp	https://reposeresidence.com/assets/opening/sequence-02/webp/frame-0117.webp
200	net  	Image	image/webp	https://reposeresidence.com/assets/opening/sequence-02/webp/frame-0118.webp
200	net  	Image	image/webp	https://reposeresidence.com/assets/opening/sequence-02/webp/frame-0119.webp
200	net  	Image	image/webp	https://reposeresidence.com/assets/opening/sequence-02/webp/frame-0120.webp
200	net  	Image	image/webp	https://reposeresidence.com/assets/opening/sequence-02/webp/frame-0121.webp
200	net  	Image	image/webp	https://reposeresidence.com/assets/opening/sequence-02/webp/frame-0122.webp
200	net  	Image	image/webp	https://reposeresidence.com/assets/opening/sequence-02/webp/frame-0123.webp
200	net  	Image	image/webp	https://reposeresidence.com/assets/opening/sequence-02/webp/frame-0124.webp
200	net  	Image	image/webp	https://reposeresidence.com/assets/opening/sequence-02/webp/frame-0125.webp
200	net  	Image	image/webp	https://reposeresidence.com/assets/opening/sequence-02/webp/frame-0126.webp
200	net  	Image	image/webp	https://reposeresidence.com/assets/opening/sequence-02/webp/frame-0127.webp
200	net  	Image	image/webp	https://reposeresidence.com/assets/opening/sequence-02/webp/frame-0128.webp
200	net  	Image	image/webp	https://reposeresidence.com/assets/opening/sequence-02/webp/frame-0129.webp
200	net  	Image	image/webp	https://reposeresidence.com/assets/opening/sequence-02/webp/frame-0130.webp
200	net  	Image	image/webp	https://reposeresidence.com/assets/opening/sequence-02/webp/frame-0131.webp
200	net  	Image	image/webp	https://reposeresidence.com/assets/opening/sequence-02/webp/frame-0132.webp
200	net  	Image	image/webp	https://reposeresidence.com/assets/opening/sequence-02/webp/frame-0133.webp
200	net  	Image	image/webp	https://reposeresidence.com/assets/opening/sequence-02/webp/frame-0134.webp
200	net  	Image	image/webp	https://reposeresidence.com/assets/opening/sequence-02/webp/frame-0135.webp
200	net  	Image	image/webp	https://reposeresidence.com/assets/opening/sequence-02/webp/frame-0136.webp
200	net  	Image	image/webp	https://reposeresidence.com/assets/opening/sequence-02/webp/frame-0137.webp
200	net  	Image	image/webp	https://reposeresidence.com/assets/opening/sequence-02/webp/frame-0138.webp
200	net  	Image	image/webp	https://reposeresidence.com/assets/opening/sequence-02/webp/frame-0139.webp
200	net  	Image	image/webp	https://reposeresidence.com/assets/opening/sequence-02/webp/frame-0140.webp
200	net  	Image	image/webp	https://reposeresidence.com/assets/opening/sequence-02/webp/frame-0141.webp
200	net  	Image	image/webp	https://reposeresidence.com/assets/opening/sequence-02/webp/frame-0142.webp
200	net  	Image	image/webp	https://reposeresidence.com/assets/opening/sequence-02/webp/frame-0143.webp
200	net  	Image	image/webp	https://reposeresidence.com/assets/opening/sequence-02/webp/frame-0144.webp
200	net  	Image	image/webp	https://reposeresidence.com/assets/opening/sequence-02/webp/frame-0145.webp
200	net  	Image	image/webp	https://reposeresidence.com/assets/opening/sequence-02/webp/frame-0146.webp
200	net  	Image	image/webp	https://reposeresidence.com/assets/opening/sequence-02/webp/frame-0147.webp
200	net  	Image	image/webp	https://reposeresidence.com/assets/opening/sequence-02/webp/frame-0148.webp
200	net  	Image	image/webp	https://reposeresidence.com/assets/opening/sequence-02/webp/frame-0149.webp
200	net  	Image	image/webp	https://reposeresidence.com/assets/opening/sequence-02/webp/frame-0150.webp
200	net  	Image	image/webp	https://reposeresidence.com/assets/opening/sequence-02/webp/frame-0151.webp
200	net  	Image	image/webp	https://reposeresidence.com/assets/opening/sequence-02/webp/frame-0152.webp
200	net  	Image	image/webp	https://reposeresidence.com/assets/opening/sequence-02/webp/frame-0153.webp
200	net  	Image	image/webp	https://reposeresidence.com/assets/opening/sequence-02/webp/frame-0154.webp
200	net  	Image	image/webp	https://reposeresidence.com/assets/opening/sequence-02/webp/frame-0155.webp
200	net  	Image	image/webp	https://reposeresidence.com/assets/opening/sequence-02/webp/frame-0156.webp
200	net  	Image	image/webp	https://reposeresidence.com/assets/opening/sequence-02/webp/frame-0157.webp
200	net  	Image	image/webp	https://reposeresidence.com/assets/opening/sequence-02/webp/frame-0158.webp
200	net  	Image	image/webp	https://reposeresidence.com/assets/opening/sequence-02/webp/frame-0159.webp
200	net  	Image	image/webp	https://reposeresidence.com/assets/opening/sequence-02/webp/frame-0160.webp
200	net  	Image	image/webp	https://reposeresidence.com/assets/opening/sequence-02/webp/frame-0161.webp
200	net  	Image	image/webp	https://reposeresidence.com/assets/opening/sequence-02/webp/frame-0162.webp
200	net  	Image	image/webp	https://reposeresidence.com/assets/opening/sequence-02/webp/frame-0163.webp
200	net  	Image	image/webp	https://reposeresidence.com/assets/opening/sequence-02/webp/frame-0164.webp
200	net  	Image	image/webp	https://reposeresidence.com/assets/opening/sequence-02/webp/frame-0165.webp
200	net  	Image	image/webp	https://reposeresidence.com/assets/opening/sequence-02/webp/frame-0166.webp
200	net  	Image	image/webp	https://reposeresidence.com/assets/opening/sequence-02/webp/frame-0167.webp
200	net  	Image	image/webp	https://reposeresidence.com/assets/opening/sequence-02/webp/frame-0168.webp
200	net  	Image	image/webp	https://reposeresidence.com/assets/opening/sequence-02/webp/frame-0169.webp
200	net  	Image	image/webp	https://reposeresidence.com/assets/opening/sequence-02/webp/frame-0170.webp
200	net  	Image	image/webp	https://reposeresidence.com/assets/opening/sequence-02/webp/frame-0171.webp
200	net  	Image	image/webp	https://reposeresidence.com/assets/opening/sequence-02/webp/frame-0172.webp
200	net  	Image	image/webp	https://reposeresidence.com/assets/opening/sequence-02/webp/frame-0173.webp
200	net  	Image	image/webp	https://reposeresidence.com/assets/opening/sequence-02/webp/frame-0174.webp
200	net  	Image	image/webp	https://reposeresidence.com/assets/opening/sequence-02/webp/frame-0175.webp
200	net  	Image	image/webp	https://reposeresidence.com/assets/opening/sequence-02/webp/frame-0176.webp
200	net  	Image	image/webp	https://reposeresidence.com/assets/opening/sequence-02/webp/frame-0177.webp
200	net  	Image	image/webp	https://reposeresidence.com/assets/opening/sequence-02/webp/frame-0178.webp
200	net  	Image	image/webp	https://reposeresidence.com/assets/opening/sequence-02/webp/frame-0179.webp
200	net  	Image	image/webp	https://reposeresidence.com/assets/opening/sequence-02/webp/frame-0180.webp
200	net  	Image	image/webp	https://reposeresidence.com/assets/opening/sequence-02/webp/frame-0181.webp
200	net  	Image	image/webp	https://reposeresidence.com/assets/opening/sequence-02/webp/frame-0182.webp
200	net  	Image	image/webp	https://reposeresidence.com/assets/opening/sequence-02/webp/frame-0183.webp
200	net  	Image	image/webp	https://reposeresidence.com/assets/opening/sequence-02/webp/frame-0184.webp
200	net  	Image	image/webp	https://reposeresidence.com/assets/opening/sequence-02/webp/frame-0185.webp
200	net  	Image	image/webp	https://reposeresidence.com/assets/opening/sequence-02/webp/frame-0186.webp
200	net  	Image	image/webp	https://reposeresidence.com/assets/opening/sequence-02/webp/frame-0187.webp
200	net  	Image	image/webp	https://reposeresidence.com/assets/opening/sequence-02/webp/frame-0188.webp
200	net  	Image	image/webp	https://reposeresidence.com/assets/opening/sequence-02/webp/frame-0189.webp
200	net  	Image	image/webp	https://reposeresidence.com/assets/opening/sequence-02/webp/frame-0190.webp
200	net  	Image	image/webp	https://reposeresidence.com/assets/opening/sequence-02/webp/frame-0191.webp
200	net  	Image	image/webp	https://reposeresidence.com/assets/opening/sequence-02/webp/frame-0192.webp
200	net  	Image	image/webp	https://reposeresidence.com/assets/opening/sequence-02/webp/frame-0193.webp
200	net  	Image	image/webp	https://reposeresidence.com/assets/opening/sequence-02/webp/frame-0194.webp
200	net  	Image	image/webp	https://reposeresidence.com/assets/opening/sequence-02/webp/frame-0195.webp
200	net  	Image	image/webp	https://reposeresidence.com/assets/opening/sequence-02/webp/frame-0196.webp
200	net  	Image	image/webp	https://reposeresidence.com/assets/opening/sequence-02/webp/frame-0197.webp
200	net  	Image	image/webp	https://reposeresidence.com/assets/opening/sequence-02/webp/frame-0198.webp
200	net  	Image	image/webp	https://reposeresidence.com/assets/opening/sequence-02/webp/frame-0199.webp
200	net  	Image	image/webp	https://reposeresidence.com/assets/opening/sequence-02/webp/frame-0200.webp
200	net  	Image	image/webp	https://reposeresidence.com/assets/opening/sequence-02/webp/frame-0201.webp
200	net  	Image	image/webp	https://reposeresidence.com/assets/opening/sequence-02/webp/frame-0202.webp
200	net  	Image	image/webp	https://reposeresidence.com/assets/opening/sequence-02/webp/frame-0203.webp
200	net  	Image	image/webp	https://reposeresidence.com/assets/opening/sequence-02/webp/frame-0204.webp
200	net  	Image	image/webp	https://reposeresidence.com/assets/opening/sequence-02/webp/frame-0205.webp
200	net  	Image	image/webp	https://reposeresidence.com/assets/opening/sequence-02/webp/frame-0206.webp
200	net  	Image	image/webp	https://reposeresidence.com/assets/opening/sequence-02/webp/frame-0207.webp
200	net  	Image	image/webp	https://reposeresidence.com/assets/opening/sequence-02/webp/frame-0208.webp
200	net  	Image	image/webp	https://reposeresidence.com/assets/opening/sequence-02/webp/frame-0209.webp
200	net  	Image	image/webp	https://reposeresidence.com/assets/opening/sequence-02/webp/frame-0210.webp
200	net  	Image	image/webp	https://reposeresidence.com/assets/opening/sequence-02/webp/frame-0211.webp
200	net  	Image	image/webp	https://reposeresidence.com/assets/opening/sequence-02/webp/frame-0212.webp
200	net  	Image	image/webp	https://reposeresidence.com/assets/opening/sequence-02/webp/frame-0213.webp
200	net  	Image	image/webp	https://reposeresidence.com/assets/opening/sequence-02/webp/frame-0214.webp
200	net  	Image	image/webp	https://reposeresidence.com/assets/opening/sequence-02/webp/frame-0215.webp
200	net  	Image	image/webp	https://reposeresidence.com/assets/opening/sequence-02/webp/frame-0216.webp
200	net  	Image	image/webp	https://reposeresidence.com/assets/opening/sequence-02/webp/frame-0217.webp
200	net  	Image	image/webp	https://reposeresidence.com/assets/opening/sequence-02/webp/frame-0218.webp
200	net  	Image	image/webp	https://reposeresidence.com/assets/opening/sequence-02/webp/frame-0219.webp
200	net  	Image	image/webp	https://reposeresidence.com/assets/opening/sequence-02/webp/frame-0220.webp
200	net  	Image	image/webp	https://reposeresidence.com/assets/opening/sequence-02/webp/frame-0221.webp
200	net  	Image	image/webp	https://reposeresidence.com/assets/opening/sequence-02/webp/frame-0222.webp
200	net  	Image	image/webp	https://reposeresidence.com/assets/opening/sequence-02/webp/frame-0223.webp
200	net  	Image	image/webp	https://reposeresidence.com/assets/opening/sequence-02/webp/frame-0224.webp
200	net  	Image	image/webp	https://reposeresidence.com/assets/opening/sequence-02/webp/frame-0225.webp
200	net  	Image	image/webp	https://reposeresidence.com/assets/opening/sequence-02/webp/frame-0226.webp
200	net  	Image	image/webp	https://reposeresidence.com/assets/opening/sequence-02/webp/frame-0227.webp
200	net  	Image	image/webp	https://reposeresidence.com/assets/opening/sequence-02/webp/frame-0228.webp
200	net  	Image	image/webp	https://reposeresidence.com/assets/opening/sequence-02/webp/frame-0229.webp
200	net  	Image	image/webp	https://reposeresidence.com/assets/opening/sequence-02/webp/frame-0230.webp
200	net  	Image	image/webp	https://reposeresidence.com/assets/opening/sequence-02/webp/frame-0231.webp
200	net  	Image	image/webp	https://reposeresidence.com/assets/opening/sequence-02/webp/frame-0232.webp
200	net  	Image	image/webp	https://reposeresidence.com/assets/opening/sequence-02/webp/frame-0233.webp
200	net  	Image	image/webp	https://reposeresidence.com/assets/opening/sequence-02/webp/frame-0234.webp
200	net  	Image	image/webp	https://reposeresidence.com/assets/opening/sequence-02/webp/frame-0235.webp
200	net  	Image	image/webp	https://reposeresidence.com/assets/opening/sequence-02/webp/frame-0236.webp
200	net  	Image	image/webp	https://reposeresidence.com/assets/opening/sequence-02/webp/frame-0237.webp
200	net  	Image	image/webp	https://reposeresidence.com/assets/opening/sequence-02/webp/frame-0238.webp
200	net  	Image	image/webp	https://reposeresidence.com/assets/opening/sequence-02/webp/frame-0239.webp
200	net  	Image	image/webp	https://reposeresidence.com/assets/opening/sequence-02/webp/frame-0240.webp
200	net  	Image	image/webp	https://reposeresidence.com/assets/reception-entry/building-final.webp
200	net  	Image	image/webp	https://reposeresidence.com/assets/reception-entry/reception-final.webp
200	net  	Image	image/webp	https://reposeresidence.com/assets/repose-experience/tower-original.png
200	net  	Image	image/webp	https://reposeresidence.com/assets/repose-experience/walking-track-01.webp
200	net  	Image	image/webp	https://reposeresidence.com/assets/terrace/plate-sports-court.webp
200	net  	Image	image/webp	https://reposeresidence.com/floor-explorer/relit/floorplates/floorplate-l01-05-07-11.webp
200	net  	Image	image/webp	https://reposeresidence.com/floor-explorer/relit/floorplates/floorplate-l02-04-08-10.webp
200	net  	Image	image/webp	https://reposeresidence.com/floor-explorer/relit/floorplates/floorplate-l03-09.webp
200	net  	Image	image/webp	https://reposeresidence.com/floor-explorer/relit/floorplates/floorplate-l06.webp
200	net  	Image	image/webp	https://reposeresidence.com/floor-explorer/relit/floorplates/floorplate-l12.webp
200	net  	Image	image/webp	https://reposeresidence.com/floor-explorer/relit/floorplates/floorplate-l13.webp
200	net  	Image	image/webp	https://reposeresidence.com/floor-explorer/relit/floorplates/floorplate-l14.webp
200	net  	Image	image/webp	https://reposeresidence.com/floor-explorer/relit/floorplates/floorplate-l15-penthouse.webp
200	net  	Script	application/x-javascript	https://reposeresidence.com/assets/ReposeLifestyle-C-0HJaSK.js
200	net  	Script	application/x-javascript	https://reposeresidence.com/assets/index-Bez0Vhn_.js
200	net  	Script	application/x-javascript	https://reposeresidence.com/assets/vendor-gsap-CeZ-nkAJ.js
200	net  	Script	application/x-javascript	https://reposeresidence.com/assets/vendor-lenis-b6LeKTCb.js
200	net  	Script	application/x-javascript	https://reposeresidence.com/assets/vendor-react-CL6k3kZJ.js
200	net  	Stylesheet	text/css	https://reposeresidence.com/assets/ReposeLifestyle-CyDo--Vq.css
200	net  	Stylesheet	text/css	https://reposeresidence.com/assets/index-Dvt1c2aj.css
206	cache	Media	video/mp4	https://reposeresidence.com/assets/interiors/bathroom.mp4
206	cache	Media	video/mp4	https://reposeresidence.com/assets/interiors/bedroom.mp4
206	cache	Media	video/mp4	https://reposeresidence.com/assets/interiors/kitchen.mp4
206	cache	Media	video/mp4	https://reposeresidence.com/assets/interiors/living-room.mp4
206	net  	Media	video/mp4	https://reposeresidence.com/assets/amenity-videos/gym.mp4
206	net  	Media	video/mp4	https://reposeresidence.com/assets/amenity-videos/pool.mp4
206	net  	Media	video/mp4	https://reposeresidence.com/assets/amenity-videos/steam-room.mp4